Date,Student_ID,Pocket_Money,Rent_Type,Rent_Amount,Food,Entertainment,Travel,Total_Expense
2026-03-02,S123,12000,PG,3500,180.0,281,90.0,4051
2026-04-24,S119,8000,PG,3500,273.0,77,64.0,3914
2026-03-07,S121,12000,PG,3500,270.0,196,133.0,4099
2026-01-15,S102,8000,Room,5000,230.0,319,91.0,5640
2026-02-01,S111,7000,PG,3500,194.0,393,147.0,4234
2026-01-22,S103,12000,PG,3500,156.0,185,,3924
2026-03-03,S113,12000,PG,3500,221.0,315,,4155
2026-03-18,S115,9000,Room,5000,179.0,55,53.0,5287
2026-02-16,S120,9000,Room,5000,165.0,239,112.0,5516
2026-02-18,S112,8000,Room,5000,215.0,144,88.0,5447
2026-04-09,S101,8000,Room,5000,233.0,169,140.0,5542
2026-03-13,S112,7000,Room,5000,,246,,5570
2026-03-30,S127,8000,PG,3500,132.0,132,115.0,3879
2026-01-25,S122,9000,Room,5000,210.0,301,69.0,5580
2026-01-03,S105,10000,PG,3500,227.0,142,104.0,3973
2026-01-20,S116,10000,PG,3500,254.0,165,48.0,3967
2026-01-06,S100,12000,Room,5000,260.0,270,50.0,5580
2026-04-13,S125,8000,Room,5000,200.0,-100,137.0,5586
2026-04-05,S124,7000,Room,5000,178.0,84,75.0,5337
2026-02-12,S109,9000,Room,5000,135.0,296,136.0,5567
2026-03-07,S116,8000,Room,5000,250.0,139,142.0,5531
2026-01-16,S127,8000,Room,5000,288.0,329,98.0,5715
2026-04-14,S110,12000,PG,3500,257.0,316,34.0,4107
2026-02-06,S103,10000,Room,5000,248.0,130,123.0,5501
2026-01-08,S106,12000,Room,5000,110.0,128,140.0,5378
2026-01-12,S112,10000,Room,5000,104.0,69,48.0,5221
2026-01-23,S127,8000,Room,5000,197.0,116,106.0,5419
2026-03-21,S103,9000,Room,5000,231.0,125,93.0,5449
2026-01-28,S106,12000,Room,5000,294.0,133,97.0,5524
2026-04-21,S103,9000,Room,unknown,282.0,180,104.0,5566
2026-04-07,S123,7000,Room,5000,215.0,111,95.0,5421
2026-01-16,S104,10000,PG,3500,196.0,80,123.0,3899
2026-01-12,S117,9000,Room,5000,260.0,350,82.0,5692
2026-04-18,S126,12000,Room,5000,254.0,106,66.0,5426
2026-02-08,S101,12000,PG,3500,147.0,312,104.0,4063
2026-04-11,S118,8000,Room,5000,,305,,5532
2026-01-21,S114,12000,Room,unknown,168.0,330,,5596
2026-03-21,S128,8000,PG,3500,147.0,308,56.0,4011
2026-04-23,S121,9000,PG,3500,294.0,368,85.0,4247
2026-01-09,S114,7000,PG,3500,138.0,236,61.0,3935
2026-01-29,S117,7000,Room,5000,119.0,214,61.0,5394
2026-04-18,S110,12000,Room,unknown,119.0,381,37.0,5537
2026-03-08,S129,12000,PG,3500,244.0,194,109.0,4047
2026-01-23,S123,8000,PG,3500,291.0,339,109.0,4239
2026-05-01,S107,8000,Room,5000,224.0,362,91.0,5677
2026-04-14,S104,7000,Room,5000,256.0,171,139.0,5566
2026-03-06,S108,9000,Room,5000,162.0,120,121.0,5403
2026-01-18,S103,12000,PG,3500,193.0,83,118.0,3894
2026-03-05,S125,9000,Room,5000,230.0,372,112.0,5714
2026-03-26,S126,12000,PG,3500,282.0,239,50.0,4071
2026-04-04,S123,7000,Room,5000,142.0,352,76.0,5570
2026-04-27,S122,12000,PG,3500,230.0,126,148.0,4004
2026-02-26,S129,8000,Room,5000,265.0,62,91.0,5418
2026-04-23,S113,8000,Room,5000,156.0,386,64.0,5606
2026-03-07,S121,7000,Room,5000,253.0,186,120.0,5559
2026-01-16,S109,8000,Room,5000,112.0,302,120.0,5534
2026-04-04,S110,9000,Room,5000,117.0,102,65.0,5284
2026-01-21,S109,9000,Room,5000,275.0,237,147.0,5659
2026-02-10,S120,9000,Room,5000,274.0,237,44.0,5555
2026-03-20,S101,8000,PG,3500,253.0,91,105.0,3949
2026-02-23,S102,7000,PG,3500,197.0,345,144.0,4186
2026-02-07,S121,9000,Room,5000,,256,129.0,5504
2026-03-09,S111,8000,PG,3500,235.0,163,101.0,3999
2026-02-15,S101,12000,Room,5000,190.0,88,147.0,5425
2026-02-01,S105,7000,PG,3500,229.0,318,130.0,4177
2026-01-14,S106,12000,Room,5000,201.0,-100,87.0,5443
2026-02-09,S117,10000,Room,5000,269.0,224,59.0,5552
2026-04-10,S112,7000,PG,3500,283.0,238,87.0,4108
2026-01-16,S104,8000,Room,5000,112.0,68,85.0,5265
2026-01-08,S113,10000,Room,5000,287.0,-100,95.0,5678
2026-01-21,S103,12000,PG,3500,224.0,54,51.0,3829
2026-01-28,S106,10000,Room,5000,277.0,-100,30.0,5662
2026-02-05,S114,10000,PG,3500,,287,54.0,3994
2026-03-25,S101,7000,PG,3500,234.0,346,110.0,4190
2026-01-15,S129,7000,Room,5000,247.0,160,47.0,5454
2026-05-01,S106,7000,PG,3500,177.0,106,99.0,3882
2026-01-27,S129,12000,Room,5000,202.0,243,78.0,5523
2026-03-14,S111,9000,Room,5000,297.0,284,112.0,5693
2026-02-24,S113,8000,PG,3500,202.0,392,110.0,4204
2026-04-07,S104,7000,PG,3500,219.0,370,38.0,4127
2026-04-12,S112,7000,Room,5000,135.0,208,100.0,5443
2026-02-11,S111,10000,Room,5000,273.0,51,111.0,5435
2026-02-11,S129,9000,PG,3500,201.0,285,148.0,4134
2026-04-14,S121,7000,Room,5000,243.0,342,66.0,5651
2026-02-09,S129,7000,PG,3500,125.0,99,57.0,3781
2026-01-19,S105,9000,Room,5000,296.0,75,61.0,5432
2026-01-07,S115,9000,Room,5000,172.0,75,90.0,5337
2026-02-22,S119,9000,Room,5000,146.0,86,148.0,5380
2026-04-16,S101,8000,Room,5000,113.0,384,64.0,5561
2026-03-20,S118,8000,Room,5000,117.0,373,47.0,5537
2026-03-11,S116,8000,Room,5000,252.0,-100,,5579
2026-01-25,S121,12000,Room,5000,290.0,252,62.0,5604
2026-01-27,S110,8000,PG,3500,300.0,-100,113.0,4067
2026-03-16,S116,9000,PG,3500,100.0,64,80.0,3744
2026-02-11,S117,10000,Room,5000,258.0,195,40.0,5493
2026-03-18,S101,9000,PG,3500,178.0,290,141.0,4109
2026-04-06,S120,10000,Room,5000,195.0,400,141.0,5736
2026-03-27,S124,12000,PG,unknown,162.0,186,136.0,3984
2026-03-15,S128,8000,PG,3500,,196,100.0,3961
2026-02-06,S128,8000,Room,5000,136.0,251,95.0,5482
2026-04-28,S125,12000,PG,3500,253.0,302,139.0,4194
2026-03-14,S129,10000,PG,3500,269.0,400,77.0,4246
2026-03-18,S107,8000,Room,5000,218.0,144,121.0,5483
2026-03-13,S122,9000,Room,5000,286.0,165,41.0,5492
2026-04-25,S129,9000,Room,5000,120.0,87,137.0,5344
2026-02-09,S104,12000,Room,5000,243.0,258,138.0,5639
2026-01-09,S118,12000,PG,3500,117.0,259,136.0,4012
2026-04-10,S109,10000,PG,unknown,233.0,291,,4056
2026-03-03,S114,10000,PG,3500,179.0,219,51.0,3949
2026-01-24,S109,9000,Room,5000,265.0,154,133.0,5552
2026-02-16,S128,8000,PG,3500,195.0,175,112.0,3982
2026-04-15,S106,7000,PG,3500,229.0,51,117.0,3897
2026-04-01,S112,8000,PG,3500,154.0,141,61.0,3856
2026-02-03,S100,7000,Room,5000,177.0,116,90.0,5383
2026-03-22,S120,8000,Room,5000,239.0,200,149.0,5588
2026-03-23,S110,9000,Room,5000,135.0,126,102.0,5363
2026-04-29,S121,10000,PG,3500,234.0,203,127.0,4064
2026-01-23,S109,12000,Room,5000,106.0,372,138.0,5616
2026-01-10,S107,9000,PG,3500,232.0,386,108.0,4226
2026-02-11,S123,9000,Room,5000,166.0,72,63.0,5301
2026-03-17,S127,10000,PG,3500,219.0,388,49.0,4156
2026-03-26,S111,7000,PG,3500,118.0,246,102.0,3966
2026-04-06,S121,7000,Room,5000,272.0,382,,5780
2026-02-19,S112,12000,PG,3500,120.0,-100,66.0,4060
2026-04-03,S116,7000,Room,5000,,277,53.0,5605
2026-01-07,S122,7000,Room,5000,238.0,393,118.0,5749
2026-02-28,S105,8000,Room,5000,123.0,315,107.0,5545
2026-05-01,S118,12000,Room,5000,281.0,278,86.0,5645
2026-03-21,S114,10000,PG,3500,174.0,141,106.0,3921
2026-03-09,S116,7000,PG,3500,286.0,60,70.0,3916
2026-04-02,S105,8000,Room,5000,179.0,123,145.0,5447
2026-04-18,S103,8000,PG,3500,243.0,138,119.0,4000
2026-01-04,S125,7000,Room,5000,221.0,69,77.0,5367
2026-04-24,S128,7000,Room,5000,182.0,237,49.0,5468
2026-04-20,S113,10000,Room,5000,205.0,314,118.0,5637
2026-03-26,S114,10000,Room,5000,117.0,197,140.0,5454
2026-01-11,S102,9000,PG,3500,291.0,325,57.0,4173
2026-03-29,S100,8000,Room,5000,112.0,131,147.0,5390
2026-03-19,S110,8000,Room,5000,,275,72.0,5573
2026-01-02,S103,12000,PG,3500,278.0,214,124.0,4116
2026-01-03,S109,12000,Room,5000,288.0,338,30.0,5656
2026-01-29,S105,9000,PG,3500,123.0,391,48.0,4062
2026-01-09,S107,9000,PG,3500,193.0,202,75.0,3970
2026-01-31,S123,7000,PG,3500,224.0,326,120.0,4170
2026-03-03,S108,9000,Room,5000,230.0,373,53.0,5656
2026-01-22,S102,7000,Room,5000,226.0,212,119.0,5557
2026-02-27,S113,7000,PG,3500,126.0,273,81.0,3980
2026-04-05,S103,7000,Room,5000,,339,70.0,5646
2026-04-13,S126,9000,PG,3500,,178,144.0,3975
2026-04-03,S118,7000,PG,3500,287.0,381,81.0,4249
2026-03-31,S114,7000,PG,3500,,301,39.0,3987
2026-02-08,S105,8000,PG,3500,148.0,259,86.0,3993
2026-04-09,S112,12000,PG,3500,,375,45.0,4034
2026-01-17,S123,12000,Room,5000,258.0,322,96.0,5676
2026-01-22,S113,12000,Room,5000,160.0,110,65.0,5335
2026-03-11,S124,9000,PG,3500,,285,39.0,4071
2026-02-09,S122,9000,PG,3500,297.0,250,31.0,4078
2026-04-14,S104,12000,PG,3500,192.0,126,86.0,3904
2026-05-01,S102,8000,Room,5000,119.0,-100,44.0,5560
2026-01-27,S119,10000,Room,5000,201.0,351,91.0,5643
2026-01-08,S125,7000,Room,5000,115.0,204,,5469
2026-03-03,S122,12000,PG,3500,184.0,70,138.0,3892
2026-02-09,S115,9000,PG,3500,111.0,334,118.0,4063
2026-03-24,S109,9000,PG,3500,214.0,83,34.0,3831
2026-04-13,S117,7000,PG,3500,218.0,262,79.0,4059
2026-04-24,S117,9000,Room,unknown,292.0,385,65.0,5742
2026-04-19,S122,9000,Room,5000,281.0,87,128.0,5496
2026-01-24,S115,7000,PG,3500,204.0,115,42.0,3861
2026-04-15,S113,8000,Room,5000,251.0,205,114.0,5570
2026-04-21,S127,9000,Room,5000,267.0,208,77.0,5552
2026-01-28,S106,9000,Room,5000,281.0,103,34.0,5418
2026-03-10,S125,9000,Room,5000,213.0,330,71.0,5614
2026-03-29,S110,12000,PG,3500,191.0,120,125.0,3936
2026-01-31,S129,12000,Room,5000,104.0,61,,5262
2026-02-12,S117,7000,PG,3500,165.0,336,,4125
2026-03-11,S121,8000,Room,5000,173.0,154,45.0,5372
2026-04-27,S114,8000,PG,3500,141.0,231,130.0,4002
2026-02-10,S128,8000,Room,5000,125.0,121,117.0,5363
2026-04-26,S120,7000,PG,3500,130.0,218,,3908
2026-03-12,S129,10000,Room,5000,195.0,145,71.0,5411
2026-02-05,S111,9000,Room,5000,104.0,298,,5503
2026-02-09,S107,7000,Room,5000,229.0,245,39.0,5513
2026-03-12,S114,10000,Room,5000,115.0,58,33.0,5206
2026-04-04,S126,8000,Room,5000,105.0,214,50.0,5369
2026-02-02,S113,9000,PG,3500,106.0,241,88.0,3935
2026-03-06,S115,12000,PG,3500,104.0,94,61.0,3759
2026-03-22,S127,12000,PG,3500,251.0,54,103.0,3908
2026-03-24,S123,12000,PG,3500,280.0,387,119.0,4286
2026-04-28,S104,7000,Room,5000,243.0,69,46.0,5358
2026-04-04,S106,9000,PG,3500,148.0,372,41.0,4061
2026-01-17,S116,12000,PG,3500,285.0,124,39.0,3948
2026-01-26,S120,10000,Room,5000,284.0,341,112.0,5737
2026-04-22,S128,7000,PG,3500,262.0,98,41.0,3901
2026-04-01,S109,12000,Room,5000,290.0,318,138.0,5746
2026-04-21,S107,7000,Room,5000,156.0,211,102.0,5469
2026-03-26,S102,9000,Room,5000,191.0,110,95.0,5396
2026-01-14,S105,10000,PG,unknown,175.0,94,,3903
2026-03-08,S102,7000,Room,5000,153.0,273,99.0,5525
2026-04-17,S110,7000,Room,5000,239.0,366,66.0,5671
2026-04-23,S103,12000,PG,3500,251.0,72,56.0,3879
2026-01-30,S109,10000,Room,5000,150.0,215,117.0,5482
2026-04-08,S107,7000,PG,3500,273.0,172,35.0,3980
2026-03-30,S109,7000,Room,5000,279.0,338,42.0,5659
2026-02-03,S109,12000,Room,5000,152.0,153,131.0,5436
2026-04-12,S102,8000,Room,5000,173.0,364,74.0,5611
2026-02-27,S105,12000,Room,5000,246.0,325,32.0,5603
2026-03-21,S123,9000,Room,5000,240.0,217,32.0,5489
2026-04-11,S112,8000,PG,3500,140.0,218,86.0,3944
2026-01-22,S104,8000,Room,5000,162.0,87,138.0,5387
2026-04-14,S125,7000,PG,3500,232.0,64,82.0,3878
2026-03-29,S102,10000,PG,3500,123.0,305,72.0,4000
2026-03-05,S109,12000,Room,5000,233.0,121,131.0,5485
2026-01-09,S123,10000,Room,5000,,218,109.0,5520
2026-04-06,S111,7000,PG,3500,226.0,134,46.0,3906
2026-03-18,S104,9000,Room,5000,139.0,281,116.0,5536
2026-04-28,S109,9000,Room,5000,244.0,184,88.0,5516
2026-04-25,S113,12000,Room,5000,198.0,379,145.0,5722
2026-03-01,S101,7000,PG,3500,103.0,51,57.0,3711
2026-03-29,S121,9000,Room,5000,129.0,116,87.0,5332
2026-04-17,S129,8000,Room,5000,109.0,103,133.0,5345
2026-01-15,S128,8000,Room,5000,241.0,125,49.0,5415
2026-02-14,S102,10000,Room,5000,169.0,79,78.0,5326
2026-04-09,S104,7000,Room,5000,,398,136.0,5796
2026-01-02,S123,10000,Room,5000,141.0,100,91.0,5332
2026-04-12,S117,9000,Room,5000,275.0,366,34.0,5675
2026-02-11,S111,8000,PG,3500,193.0,94,43.0,3830
2026-03-08,S111,9000,PG,3500,217.0,274,108.0,4099
2026-01-02,S128,7000,PG,3500,296.0,133,51.0,3980
2026-01-16,S114,12000,Room,5000,171.0,270,58.0,5499
2026-03-24,S109,9000,Room,5000,278.0,281,115.0,5674
2026-02-04,S114,7000,PG,3500,201.0,305,78.0,4084
2026-04-14,S119,8000,Room,5000,,321,78.0,5620
2026-03-02,S127,8000,PG,3500,166.0,108,103.0,3877
2026-02-07,S119,7000,PG,3500,173.0,397,79.0,4149
2026-01-13,S100,9000,PG,3500,167.0,187,31.0,3885
2026-02-11,S118,12000,PG,3500,182.0,176,123.0,3981
2026-04-13,S102,10000,Room,5000,106.0,394,55.0,5555
2026-03-24,S102,7000,PG,3500,239.0,317,45.0,4101
2026-04-04,S128,12000,Room,5000,171.0,379,38.0,5588
2026-02-16,S126,10000,PG,3500,166.0,266,104.0,4036
2026-01-21,S110,10000,Room,5000,173.0,399,,5631
2026-03-05,S103,7000,PG,3500,297.0,79,116.0,3992
2026-03-12,S125,9000,PG,3500,228.0,54,80.0,3862
2026-01-21,S104,12000,PG,3500,131.0,189,,3942
2026-04-04,S103,7000,PG,3500,124.0,-100,70.0,3928
2026-01-31,S125,12000,PG,3500,110.0,159,105.0,3874
2026-03-29,S123,7000,PG,3500,283.0,63,136.0,3982
2026-02-19,S121,9000,PG,3500,142.0,77,63.0,3782
2026-02-16,S108,7000,Room,5000,182.0,311,105.0,5598
2026-01-03,S100,9000,PG,3500,186.0,317,108.0,4111
2026-02-28,S121,8000,Room,5000,203.0,359,108.0,5670
2026-04-12,S113,9000,PG,3500,119.0,53,129.0,3801
2026-02-28,S111,8000,PG,3500,167.0,203,110.0,3980
2026-01-26,S114,12000,Room,5000,121.0,259,118.0,5498
2026-01-20,S109,7000,PG,3500,150.0,97,124.0,3871
2026-03-24,S100,8000,PG,unknown,288.0,350,80.0,4218
2026-02-28,S109,12000,PG,3500,112.0,345,103.0,4060
2026-04-16,S114,7000,Room,5000,293.0,353,116.0,5762
2026-03-21,S115,10000,PG,3500,181.0,76,36.0,3793
2026-03-18,S124,10000,PG,3500,165.0,110,51.0,3826
2026-01-16,S120,8000,Room,5000,249.0,199,138.0,5586
2026-01-28,S101,7000,PG,3500,241.0,-100,70.0,4208
2026-03-31,S124,10000,PG,3500,270.0,206,92.0,4068
2026-02-09,S114,8000,Room,5000,255.0,65,62.0,5382
2026-02-12,S109,7000,Room,5000,177.0,207,64.0,5448
2026-02-04,S110,7000,Room,5000,117.0,326,43.0,5486
2026-01-29,S107,8000,PG,3500,259.0,114,59.0,3932
2026-04-02,S107,8000,Room,5000,246.0,71,123.0,5440
2026-01-23,S108,7000,PG,3500,100.0,-100,91.0,3973
2026-04-28,S108,9000,PG,3500,,127,86.0,3977
2026-03-04,S105,12000,Room,5000,,317,129.0,5559
2026-04-14,S123,8000,Room,5000,113.0,377,49.0,5539
2026-02-08,S126,8000,PG,3500,,324,35.0,4081
2026-01-13,S106,9000,Room,5000,268.0,171,72.0,5511
2026-02-21,S102,8000,PG,3500,,197,56.0,3990
2026-02-24,S129,12000,Room,5000,194.0,91,106.0,5391
2026-02-16,S121,12000,Room,5000,153.0,222,138.0,5513
2026-01-28,S113,10000,PG,3500,275.0,69,41.0,3885
2026-02-01,S108,12000,Room,5000,118.0,163,44.0,5325
2026-04-28,S110,10000,PG,3500,185.0,138,131.0,3954
2026-01-21,S125,10000,PG,3500,116.0,194,,3956
2026-05-01,S112,12000,PG,3500,250.0,233,124.0,4107
2026-01-10,S127,8000,Room,5000,164.0,365,96.0,5625
2026-03-10,S112,7000,PG,3500,150.0,333,126.0,4109
2026-04-07,S112,7000,PG,3500,,361,,4201
2026-03-09,S118,10000,Room,5000,191.0,154,129.0,5474
2026-03-02,S100,9000,Room,5000,222.0,380,31.0,5633
2026-02-21,S129,7000,Room,5000,152.0,290,92.0,5534
2026-01-28,S118,8000,Room,5000,171.0,384,,5598
2026-02-10,S104,8000,PG,3500,237.0,386,,4168
2026-04-24,S118,7000,PG,3500,212.0,385,,4188
2026-02-16,S102,7000,PG,3500,135.0,174,125.0,3934
2026-03-16,S128,8000,Room,5000,233.0,315,117.0,5665
2026-02-16,S116,9000,Room,5000,216.0,169,104.0,5489
2026-01-28,S100,9000,Room,5000,168.0,71,53.0,5292
2026-02-17,S128,8000,PG,3500,204.0,352,138.0,4194
2026-01-06,S123,10000,Room,5000,214.0,231,78.0,5523
2026-04-20,S129,10000,Room,5000,106.0,287,67.0,5460
2026-04-03,S104,10000,PG,3500,259.0,268,97.0,4124
2026-04-04,S101,9000,Room,5000,277.0,173,110.0,5560
2026-03-18,S128,8000,PG,3500,200.0,179,133.0,4012
2026-03-30,S124,8000,Room,5000,190.0,265,48.0,5503
2026-02-27,S111,10000,Room,5000,,290,86.0,5624
2026-01-26,S117,12000,PG,3500,100.0,372,64.0,4036
2026-03-11,S113,7000,Room,5000,184.0,298,71.0,5553
2026-01-03,S102,8000,Room,5000,124.0,218,143.0,5485
2026-03-30,S125,7000,PG,3500,169.0,347,133.0,4149
2026-04-11,S114,12000,PG,3500,273.0,338,119.0,4230
2026-01-13,S128,8000,PG,unknown,214.0,345,94.0,4153
2026-04-17,S105,7000,PG,3500,198.0,258,109.0,4065
2026-03-04,S128,9000,PG,3500,297.0,225,39.0,4061
2026-04-29,S102,8000,PG,3500,,296,140.0,4125
2026-03-23,S127,7000,PG,3500,280.0,-100,94.0,4223
2026-02-16,S122,7000,PG,3500,139.0,393,111.0,4143
2026-03-19,S106,8000,PG,3500,300.0,296,62.0,4158
2026-01-28,S127,12000,Room,5000,101.0,257,105.0,5463
2026-04-09,S114,7000,Room,5000,222.0,131,70.0,5423
2026-03-28,S123,12000,Room,5000,112.0,326,82.0,5520
2026-04-15,S119,10000,PG,3500,154.0,175,68.0,3897
2026-04-21,S101,8000,PG,3500,230.0,289,143.0,4162
2026-02-22,S118,9000,Room,5000,218.0,356,42.0,5616
2026-04-22,S108,7000,PG,3500,289.0,239,62.0,4090
2026-04-20,S111,9000,PG,3500,209.0,284,72.0,4065
2026-01-09,S128,10000,Room,5000,300.0,201,53.0,5554
2026-01-10,S112,12000,PG,3500,258.0,91,49.0,3898
2026-04-09,S122,8000,Room,5000,192.0,315,56.0,5563
2026-02-22,S127,8000,Room,5000,155.0,82,58.0,5295
2026-04-21,S116,12000,PG,3500,238.0,365,64.0,4167
2026-03-27,S116,9000,PG,3500,292.0,356,33.0,4181
2026-01-30,S108,7000,PG,3500,203.0,219,90.0,4012
2026-04-04,S108,8000,PG,3500,103.0,-100,71.0,4016
2026-04-30,S123,8000,PG,3500,152.0,374,30.0,4056
2026-02-15,S120,10000,Room,5000,196.0,330,121.0,5647
2026-01-18,S114,10000,Room,5000,163.0,109,94.0,5366
2026-02-08,S109,10000,Room,5000,270.0,246,73.0,5589
2026-01-08,S100,12000,PG,3500,223.0,275,119.0,4117
2026-01-12,S117,12000,Room,5000,266.0,154,144.0,5564
2026-03-11,S106,12000,Room,5000,214.0,86,91.0,5391
2026-04-24,S123,10000,Room,5000,157.0,70,34.0,5261
2026-04-09,S117,7000,Room,5000,142.0,61,56.0,5259
2026-01-17,S111,8000,Room,5000,105.0,73,106.0,5284
2026-01-25,S128,9000,PG,3500,145.0,225,65.0,3935
2026-01-15,S114,7000,Room,5000,299.0,355,,5724
2026-01-20,S106,8000,PG,3500,209.0,194,62.0,3965
2026-02-03,S117,7000,Room,5000,220.0,155,103.0,5478
2026-03-03,S122,10000,PG,3500,293.0,-100,34.0,4085
2026-03-14,S128,9000,PG,3500,128.0,363,103.0,4094
2026-02-26,S121,10000,PG,3500,241.0,168,118.0,4027
2026-04-26,S110,8000,PG,3500,273.0,132,58.0,3963
2026-01-16,S112,12000,PG,3500,247.0,218,146.0,4111
2026-01-07,S101,10000,Room,5000,166.0,371,84.0,5621
2026-03-30,S112,9000,Room,5000,234.0,383,54.0,5671
2026-04-05,S121,8000,Room,5000,209.0,238,,5512
2026-02-19,S119,7000,Room,5000,138.0,380,82.0,5600
2026-02-11,S123,7000,PG,3500,210.0,208,118.0,4036
2026-02-05,S128,9000,PG,3500,151.0,276,83.0,4010
2026-02-20,S103,10000,Room,5000,119.0,130,42.0,5291
2026-01-29,S100,9000,Room,5000,183.0,372,30.0,5585
2026-02-26,S103,10000,Room,5000,210.0,196,31.0,5437
2026-03-24,S111,9000,PG,3500,255.0,390,121.0,4266
2026-04-30,S122,12000,PG,3500,211.0,200,81.0,3992
2026-01-18,S116,10000,PG,3500,297.0,173,130.0,4100
2026-04-19,S101,10000,PG,3500,255.0,-100,102.0,4060
2026-01-25,S121,12000,Room,5000,118.0,308,75.0,5501
2026-04-07,S119,9000,PG,3500,141.0,163,141.0,3945
2026-01-31,S109,7000,PG,3500,239.0,185,128.0,4052
2026-03-30,S109,7000,PG,3500,161.0,280,91.0,4032
2026-01-12,S114,10000,PG,3500,199.0,130,45.0,3874
2026-03-17,S128,7000,PG,3500,202.0,261,66.0,4029
2026-04-25,S117,8000,Room,5000,227.0,105,106.0,5438
2026-03-01,S114,7000,PG,3500,291.0,183,121.0,4095
2026-02-21,S103,10000,PG,3500,,244,66.0,3925
2026-03-06,S101,7000,PG,3500,259.0,232,35.0,4026
2026-01-28,S123,7000,PG,3500,161.0,285,39.0,3985
2026-04-22,S109,8000,Room,5000,154.0,279,106.0,5539
2026-02-14,S122,7000,Room,5000,104.0,80,92.0,5276
2026-01-30,S123,10000,PG,3500,148.0,106,123.0,3877
2026-01-15,S113,7000,PG,3500,181.0,371,136.0,4188
2026-02-07,S103,10000,Room,5000,159.0,209,57.0,5425
2026-01-11,S117,9000,PG,3500,256.0,330,89.0,4175
2026-04-07,S110,12000,Room,5000,,223,32.0,5535
2026-03-02,S117,7000,Room,5000,115.0,106,62.0,5283
2026-01-17,S100,9000,PG,3500,114.0,169,129.0,3912
2026-04-05,S105,12000,PG,3500,169.0,381,94.0,4144
2026-02-24,S101,12000,PG,3500,178.0,335,57.0,4070
2026-01-07,S121,7000,PG,3500,163.0,247,115.0,4025
2026-03-06,S125,10000,PG,3500,121.0,332,107.0,4060
2026-01-03,S106,12000,Room,5000,142.0,339,42.0,5523
2026-02-28,S101,7000,Room,5000,283.0,347,89.0,5719
2026-01-13,S115,12000,Room,5000,223.0,219,67.0,5509
2026-01-23,S108,12000,Room,5000,249.0,263,87.0,5599
2026-03-13,S100,12000,PG,3500,266.0,364,102.0,4232
2026-03-11,S109,7000,PG,3500,157.0,74,60.0,3791
2026-01-05,S122,7000,Room,5000,203.0,169,140.0,5512
2026-03-28,S119,12000,Room,5000,287.0,286,56.0,5629
2026-03-10,S121,7000,Room,5000,161.0,354,91.0,5606
2026-01-13,S117,10000,PG,3500,177.0,111,131.0,3919
2026-01-26,S104,7000,Room,5000,171.0,208,85.0,5464
2026-04-17,S125,9000,Room,5000,179.0,188,133.0,5500
2026-02-15,S117,10000,Room,5000,235.0,239,147.0,5621
2026-01-08,S128,8000,PG,3500,284.0,390,31.0,4205
2026-03-28,S115,9000,Room,5000,293.0,338,134.0,5765
2026-04-29,S117,8000,PG,3500,,85,141.0,3889
2026-03-31,S123,9000,Room,5000,128.0,68,63.0,5259
2026-04-26,S116,7000,Room,5000,249.0,306,136.0,5691
2026-03-09,S111,9000,PG,3500,141.0,247,111.0,3999
2026-03-21,S114,8000,Room,5000,253.0,328,32.0,5613
2026-03-22,S116,12000,PG,3500,108.0,267,92.0,3967
2026-02-21,S126,10000,Room,5000,203.0,261,127.0,5591
2026-04-16,S115,10000,Room,5000,200.0,294,56.0,5550
2026-02-28,S118,10000,PG,3500,131.0,284,103.0,4018
2026-01-07,S107,7000,Room,5000,159.0,308,111.0,5578
2026-04-14,S100,10000,PG,3500,234.0,54,98.0,3886
2026-01-16,S101,12000,PG,3500,184.0,180,49.0,3913
2026-02-10,S122,9000,Room,unknown,134.0,293,142.0,5569
2026-01-24,S114,12000,PG,3500,138.0,97,43.0,3778
2026-01-10,S117,7000,Room,5000,255.0,236,99.0,5590
2026-01-24,S104,9000,PG,3500,219.0,69,117.0,3905
2026-03-04,S111,8000,PG,3500,169.0,51,78.0,3798
2026-01-27,S111,8000,Room,unknown,157.0,110,141.0,5408
2026-03-10,S106,9000,Room,5000,293.0,328,122.0,5743
2026-01-23,S123,10000,Room,5000,160.0,244,90.0,5494
2026-03-08,S108,9000,Room,5000,113.0,282,115.0,5510
2026-01-05,S108,12000,PG,3500,181.0,152,82.0,3915
2026-03-06,S101,8000,Room,5000,260.0,319,139.0,5718
2026-01-18,S126,12000,PG,3500,277.0,58,73.0,3908
2026-01-19,S100,7000,PG,3500,109.0,296,72.0,3977
2026-02-14,S121,12000,Room,5000,276.0,352,,5671
2026-01-18,S109,12000,PG,3500,,76,72.0,3817
2026-01-01,S118,10000,PG,3500,141.0,384,43.0,4068
2026-03-15,S116,10000,Room,5000,178.0,173,106.0,5457
2026-01-28,S113,12000,PG,3500,109.0,95,64.0,3768
2026-03-31,S108,7000,Room,5000,148.0,260,144.0,5552
2026-04-30,S125,10000,PG,3500,163.0,386,138.0,4187
2026-03-13,S129,10000,Room,5000,149.0,132,125.0,5406
2026-04-29,S100,8000,Room,5000,178.0,388,124.0,5690
2026-02-12,S111,9000,PG,3500,259.0,294,149.0,4202
2026-02-11,S116,9000,Room,5000,183.0,142,83.0,5408
2026-03-13,S113,10000,Room,5000,274.0,195,109.0,5578
2026-02-18,S116,12000,PG,3500,103.0,215,,3870
2026-04-27,S105,12000,PG,3500,164.0,203,64.0,3931
2026-03-03,S125,7000,PG,3500,236.0,276,122.0,4134
2026-04-10,S123,9000,PG,3500,188.0,149,50.0,3887
2026-01-20,S102,10000,PG,3500,290.0,267,68.0,4125
2026-04-20,S109,10000,Room,5000,212.0,356,,5613
2026-01-07,S121,10000,Room,5000,112.0,244,111.0,5467
2026-03-04,S107,10000,Room,5000,144.0,362,132.0,5638
2026-04-09,S113,8000,PG,3500,161.0,169,88.0,3918
2026-03-22,S123,7000,Room,5000,248.0,219,110.0,5577
2026-04-06,S129,12000,PG,3500,269.0,68,33.0,3870
2026-03-15,S128,8000,PG,3500,117.0,112,,3778
2026-03-29,S111,7000,Room,5000,161.0,368,116.0,5645
2026-04-24,S107,12000,PG,3500,188.0,97,103.0,3888
2026-02-19,S109,12000,PG,3500,110.0,398,56.0,4064
2026-01-17,S101,10000,PG,3500,192.0,349,130.0,4171
2026-03-29,S127,8000,PG,3500,130.0,179,65.0,3874
2026-03-13,S120,8000,PG,3500,165.0,338,148.0,4151
2026-03-11,S119,10000,Room,5000,145.0,211,55.0,5411
2026-03-06,S122,10000,Room,5000,183.0,121,83.0,5387
2026-02-28,S118,7000,PG,3500,222.0,319,136.0,4177
2026-01-28,S105,10000,PG,3500,201.0,282,43.0,4026
2026-04-05,S116,8000,PG,3500,152.0,-100,75.0,3869
2026-02-27,S113,7000,Room,5000,210.0,378,125.0,5713
2026-04-04,S109,10000,Room,5000,281.0,238,73.0,5592
2026-03-29,S110,9000,Room,5000,163.0,233,40.0,5436
2026-02-11,S126,7000,Room,5000,230.0,240,138.0,5608
2026-04-20,S127,10000,PG,3500,139.0,258,,3949
2026-01-17,S111,12000,PG,3500,266.0,189,101.0,4056
2026-04-21,S112,7000,Room,5000,223.0,134,129.0,5486
2026-01-27,S127,8000,Room,5000,114.0,375,72.0,5561
2026-01-17,S115,8000,Room,5000,159.0,136,78.0,5373
2026-04-04,S108,7000,PG,3500,203.0,51,67.0,3821
2026-03-18,S118,9000,PG,3500,264.0,86,53.0,3903
2026-03-21,S105,8000,PG,3500,245.0,173,133.0,4051
2026-04-13,S114,12000,PG,3500,124.0,114,40.0,3778
2026-03-14,S105,7000,PG,3500,170.0,358,63.0,4091
2026-04-27,S125,7000,PG,3500,156.0,97,103.0,3856
2026-01-30,S129,7000,PG,3500,183.0,313,93.0,4089
2026-02-03,S110,8000,Room,5000,169.0,86,40.0,5295
2026-05-01,S112,10000,Room,5000,137.0,103,111.0,5351
2026-03-20,S123,7000,Room,5000,,69,122.0,5401
2026-03-22,S126,9000,Room,5000,243.0,278,75.0,5596
2026-04-22,S117,9000,Room,5000,286.0,88,139.0,5513
2026-02-13,S129,8000,Room,5000,275.0,309,81.0,5665
2026-01-01,S112,7000,PG,3500,292.0,103,137.0,4032
2026-04-25,S102,12000,PG,3500,222.0,54,136.0,3912
2026-01-06,S108,8000,Room,5000,173.0,344,150.0,5667
2026-04-13,S104,9000,PG,3500,124.0,391,84.0,4099
2026-03-19,S107,7000,Room,5000,287.0,277,112.0,5676
2026-04-06,S109,9000,Room,5000,204.0,190,136.0,5530
2026-03-11,S104,8000,PG,3500,245.0,309,106.0,4160
2026-03-13,S113,8000,Room,5000,261.0,-100,53.0,5608
2026-02-24,S122,9000,Room,5000,277.0,161,36.0,5474
2026-04-29,S117,10000,Room,5000,166.0,295,48.0,5509
2026-02-19,S111,9000,PG,3500,226.0,139,37.0,3902
2026-04-02,S118,12000,Room,5000,251.0,280,39.0,5570
2026-02-04,S112,10000,Room,5000,299.0,298,99.0,5696
2026-04-15,S109,8000,Room,5000,140.0,211,81.0,5432
2026-04-14,S117,10000,PG,3500,188.0,159,80.0,3927
2026-04-15,S120,7000,PG,3500,155.0,58,147.0,3860
2026-02-09,S124,7000,Room,5000,290.0,132,35.0,5457
2026-01-11,S114,12000,PG,3500,177.0,163,149.0,3989
2026-02-24,S129,12000,Room,5000,177.0,314,115.0,5606
2026-03-16,S119,10000,Room,5000,262.0,231,71.0,5564
2026-03-15,S103,8000,PG,3500,252.0,330,99.0,4181
2026-03-25,S126,10000,Room,5000,281.0,398,38.0,5717
2026-03-10,S116,9000,Room,5000,273.0,124,116.0,5513
2026-04-15,S107,9000,Room,5000,298.0,361,65.0,5724
2026-03-26,S116,9000,Room,5000,257.0,328,36.0,5621
2026-02-22,S102,8000,PG,3500,157.0,71,56.0,3784
2026-04-27,S107,9000,PG,3500,150.0,370,85.0,4105
2026-02-27,S101,12000,PG,3500,149.0,72,30.0,3751
2026-03-26,S107,12000,PG,3500,286.0,321,123.0,4230
2026-04-02,S103,8000,Room,unknown,249.0,160,31.0,5440
2026-01-12,S119,10000,Room,5000,259.0,91,40.0,5390
2026-04-25,S122,10000,PG,3500,194.0,103,86.0,3883
2026-01-30,S101,7000,PG,3500,,75,55.0,3915
2026-04-07,S127,8000,Room,5000,216.0,251,122.0,5589
2026-02-01,S110,7000,PG,3500,287.0,59,143.0,3989
2026-04-18,S115,7000,PG,3500,238.0,-100,70.0,4126
2026-04-18,S123,7000,Room,5000,244.0,348,78.0,5670
2026-03-17,S104,12000,PG,3500,170.0,347,101.0,4118
2026-02-22,S108,7000,Room,5000,160.0,357,37.0,5554
2026-02-03,S108,8000,PG,3500,237.0,-100,147.0,3979
2026-04-02,S113,12000,PG,3500,140.0,337,67.0,4044
2026-04-07,S117,10000,Room,5000,267.0,268,62.0,5597
2026-02-12,S119,7000,PG,3500,240.0,397,,4258
2026-03-27,S105,7000,Room,5000,207.0,287,100.0,5594
2026-04-19,S100,12000,PG,3500,185.0,389,73.0,4147
2026-04-20,S107,12000,Room,5000,101.0,82,39.0,5222
2026-01-23,S117,12000,Room,5000,258.0,163,110.0,5531
2026-03-03,S104,8000,PG,3500,250.0,346,41.0,4137
2026-04-02,S119,7000,PG,3500,114.0,288,124.0,4026
2026-02-21,S110,8000,PG,3500,258.0,360,35.0,4153
2026-03-20,S110,7000,PG,3500,147.0,293,81.0,4021
2026-02-09,S113,10000,Room,5000,159.0,106,131.0,5396
2026-04-10,S119,9000,Room,5000,293.0,379,65.0,5737
2026-04-07,S121,8000,PG,3500,103.0,70,,3797
2026-03-18,S111,7000,Room,5000,215.0,274,98.0,5587
2026-02-07,S119,9000,PG,3500,197.0,225,148.0,4070
2026-01-04,S126,10000,Room,5000,277.0,178,121.0,5576
2026-02-07,S116,12000,Room,5000,275.0,156,126.0,5557
2026-02-21,S125,7000,Room,5000,123.0,187,88.0,5398
2026-02-15,S117,7000,Room,5000,273.0,122,140.0,5535
2026-01-12,S112,10000,Room,5000,160.0,116,118.0,5394
2026-02-02,S107,9000,PG,3500,103.0,347,128.0,4078
2026-01-30,S113,7000,PG,3500,,371,149.0,4263
2026-01-15,S129,8000,PG,3500,219.0,221,91.0,4031
2026-03-01,S115,8000,PG,3500,,162,105.0,3989
2026-02-12,S129,10000,Room,5000,246.0,96,96.0,5438
2026-04-17,S117,12000,PG,3500,241.0,-100,101.0,4108
2026-02-03,S100,12000,PG,3500,155.0,188,,3987
2026-04-17,S108,8000,PG,3500,184.0,258,89.0,4031
2026-02-21,S106,7000,PG,3500,,317,,4088
2026-01-06,S106,8000,Room,5000,250.0,115,68.0,5433
2026-04-08,S103,9000,Room,5000,102.0,277,141.0,5520
2026-03-12,S102,12000,Room,5000,161.0,213,54.0,5428
2026-01-29,S106,10000,PG,3500,250.0,104,89.0,3943
2026-04-07,S127,10000,PG,3500,255.0,135,70.0,3960
2026-02-13,S104,9000,PG,3500,250.0,73,59.0,3882
2026-04-19,S117,7000,Room,5000,126.0,65,32.0,5223
2026-04-09,S121,10000,Room,5000,277.0,157,80.0,5514
2026-01-07,S105,8000,Room,5000,172.0,-100,121.0,5481
2026-02-20,S127,8000,PG,3500,140.0,266,116.0,4022
2026-03-25,S100,9000,PG,3500,108.0,85,54.0,3747
2026-04-23,S124,10000,Room,5000,123.0,221,97.0,5441
2026-03-09,S129,7000,PG,3500,160.0,246,50.0,3956
2026-03-03,S123,8000,PG,3500,190.0,152,46.0,3888
2026-04-04,S113,12000,PG,3500,123.0,83,30.0,3736
2026-01-10,S118,8000,Room,5000,274.0,107,51.0,5432
2026-03-28,S114,7000,PG,3500,117.0,214,146.0,3977
2026-02-02,S103,9000,Room,5000,252.0,301,115.0,5668
2026-03-10,S120,10000,PG,3500,206.0,251,32.0,3989
2026-03-04,S124,9000,PG,3500,137.0,299,100.0,4036
2026-02-10,S109,8000,Room,5000,104.0,206,111.0,5421
2026-03-29,S107,9000,Room,5000,238.0,388,132.0,5758
2026-03-04,S118,8000,Room,5000,253.0,162,105.0,5520
2026-02-03,S129,9000,PG,3500,169.0,344,40.0,4053
2026-01-16,S102,7000,PG,3500,155.0,177,117.0,3949
2026-01-29,S129,8000,Room,5000,189.0,324,,5647
2026-02-22,S126,12000,PG,3500,261.0,272,86.0,4119
2026-01-14,S103,8000,Room,5000,103.0,157,52.0,5312
2026-02-09,S103,8000,Room,5000,104.0,323,83.0,5510
2026-04-02,S122,10000,PG,3500,200.0,189,35.0,3924
2026-02-17,S122,8000,Room,5000,232.0,241,44.0,5517
2026-04-07,S123,8000,Room,5000,286.0,368,68.0,5722
2026-02-26,S110,7000,PG,3500,212.0,172,85.0,3969
2026-04-03,S104,8000,PG,3500,160.0,133,97.0,3890
2026-04-02,S118,9000,PG,3500,263.0,-100,,4188
2026-04-05,S108,7000,Room,5000,221.0,148,116.0,5485
2026-01-21,S117,12000,Room,5000,168.0,311,105.0,5584
2026-02-25,S110,9000,Room,5000,213.0,150,104.0,5467
2026-01-23,S124,7000,Room,5000,111.0,137,45.0,5293
2026-02-21,S111,9000,PG,3500,213.0,366,94.0,4173
2026-02-25,S104,9000,PG,3500,299.0,324,92.0,4215
2026-02-27,S106,9000,PG,3500,237.0,209,140.0,4086
2026-02-13,S108,8000,Room,5000,138.0,54,91.0,5283
2026-04-30,S113,12000,PG,3500,192.0,236,114.0,4042
2026-03-26,S108,9000,Room,5000,166.0,84,34.0,5284
2026-03-24,S117,8000,Room,5000,154.0,100,46.0,5300
2026-01-28,S101,10000,Room,5000,160.0,305,131.0,5596
2026-04-30,S110,7000,PG,3500,149.0,143,77.0,3869
2026-02-21,S106,8000,PG,3500,136.0,260,132.0,4028
2026-03-23,S117,7000,PG,3500,140.0,364,66.0,4070
2026-03-18,S101,12000,PG,3500,214.0,84,131.0,3929
2026-04-06,S128,10000,Room,5000,,289,124.0,5569
2026-03-10,S115,12000,Room,5000,109.0,199,49.0,5357
2026-01-27,S121,10000,PG,3500,180.0,218,79.0,3977
2026-02-07,S125,9000,PG,3500,151.0,210,120.0,3981
2026-02-17,S129,12000,PG,3500,220.0,137,52.0,3909
2026-03-27,S103,8000,PG,3500,283.0,71,150.0,4004
2026-03-21,S110,9000,PG,unknown,269.0,265,146.0,4180
2026-01-18,S110,12000,Room,5000,224.0,127,114.0,5465
2026-04-28,S115,7000,PG,3500,159.0,347,84.0,4090
2026-01-18,S101,12000,Room,5000,119.0,400,101.0,5620
2026-03-03,S106,9000,PG,3500,252.0,265,121.0,4138
2026-01-11,S124,9000,Room,5000,168.0,185,150.0,5503
2026-02-17,S119,10000,Room,5000,211.0,203,99.0,5513
2026-03-30,S128,8000,Room,5000,117.0,221,43.0,5381
2026-02-20,S110,10000,PG,3500,177.0,186,127.0,3990
2026-02-22,S106,8000,PG,3500,294.0,374,124.0,4292
2026-01-31,S115,7000,Room,5000,208.0,282,82.0,5572
2026-04-01,S117,7000,PG,3500,210.0,206,77.0,3993
2026-01-30,S103,12000,PG,3500,185.0,193,122.0,4000
2026-01-07,S115,9000,Room,5000,184.0,271,123.0,5578
2026-01-09,S127,10000,Room,5000,153.0,204,108.0,5465
2026-02-19,S118,7000,Room,5000,256.0,205,84.0,5545
2026-04-29,S115,7000,Room,5000,112.0,152,42.0,5306
2026-04-18,S120,10000,Room,5000,278.0,151,148.0,5577
2026-01-08,S121,7000,PG,3500,133.0,310,,4026
2026-01-06,S101,9000,Room,5000,176.0,368,145.0,5689
2026-04-25,S102,12000,Room,5000,233.0,306,,5634
2026-03-24,S120,8000,PG,3500,234.0,303,79.0,4116
2026-03-30,S104,12000,Room,5000,214.0,104,142.0,5460
2026-02-10,S102,9000,Room,5000,125.0,302,72.0,5499
2026-05-01,S104,8000,PG,3500,135.0,116,,3834
2026-03-05,S101,12000,PG,3500,113.0,257,104.0,3974
2026-01-28,S123,9000,PG,3500,235.0,325,130.0,4190
2026-04-12,S121,10000,PG,3500,,259,100.0,4070
2026-04-15,S112,9000,PG,3500,145.0,380,144.0,4169
2026-04-30,S101,8000,PG,3500,,358,51.0,4185
2026-01-28,S107,8000,PG,3500,126.0,194,85.0,3905
2026-02-17,S104,12000,PG,3500,293.0,180,83.0,4056
2026-01-20,S104,8000,PG,3500,262.0,363,70.0,4195
2026-01-11,S102,9000,Room,5000,232.0,230,136.0,5598
2026-04-12,S103,9000,PG,3500,121.0,235,100.0,3956
2026-01-24,S118,8000,Room,5000,271.0,114,73.0,5458
2026-04-25,S127,9000,PG,3500,222.0,132,66.0,3920
2026-03-16,S106,10000,PG,3500,213.0,62,54.0,3829
2026-03-20,S125,7000,PG,3500,135.0,145,137.0,3917
2026-03-05,S101,12000,Room,5000,280.0,391,126.0,5797
2026-01-19,S125,7000,Room,5000,163.0,235,71.0,5469
2026-04-09,S120,9000,Room,5000,253.0,376,125.0,5754
2026-02-09,S101,8000,Room,5000,215.0,368,80.0,5663
2026-02-25,S123,9000,Room,5000,162.0,151,107.0,5420
2026-01-27,S118,10000,PG,3500,,387,119.0,4110
2026-03-07,S117,9000,PG,3500,202.0,122,122.0,3946
2026-02-09,S115,12000,Room,5000,296.0,278,,5661
2026-02-19,S121,7000,PG,3500,258.0,356,98.0,4212
2026-01-17,S116,8000,PG,3500,240.0,265,41.0,4046
2026-03-29,S115,12000,Room,5000,152.0,341,50.0,5543
2026-01-08,S107,12000,Room,5000,157.0,64,116.0,5337
2026-02-19,S119,8000,Room,5000,135.0,-100,68.0,5370
2026-02-11,S127,12000,Room,5000,273.0,136,104.0,5513
2026-03-01,S102,9000,PG,3500,,273,112.0,4133
2026-03-24,S115,7000,Room,5000,219.0,103,68.0,5390
2026-03-28,S112,8000,PG,3500,245.0,137,118.0,4000
2026-02-24,S105,12000,PG,3500,188.0,217,66.0,3971
2026-01-28,S123,9000,PG,3500,275.0,240,134.0,4149
2026-01-25,S115,12000,PG,3500,161.0,175,105.0,3941
2026-02-27,S114,10000,Room,5000,212.0,348,61.0,5621
2026-02-04,S100,9000,Room,5000,108.0,174,111.0,5393
2026-02-24,S119,7000,PG,unknown,244.0,353,146.0,4243
2026-04-15,S113,9000,Room,5000,296.0,89,148.0,5533
2026-02-19,S101,9000,PG,3500,131.0,102,30.0,3763
2026-01-19,S119,7000,Room,5000,271.0,240,129.0,5640
2026-03-27,S108,12000,Room,5000,153.0,124,107.0,5384
2026-04-12,S126,12000,PG,3500,186.0,227,55.0,3968
2026-03-28,S114,7000,Room,5000,282.0,88,68.0,5438
2026-01-12,S108,8000,Room,5000,123.0,329,149.0,5601
2026-04-17,S111,7000,PG,3500,156.0,129,71.0,3856
2026-04-26,S108,10000,Room,5000,252.0,95,76.0,5423
2026-03-15,S118,8000,Room,5000,153.0,350,145.0,5648
2026-03-06,S117,7000,Room,5000,271.0,363,139.0,5773
2026-01-12,S100,9000,Room,5000,161.0,134,78.0,5373
2026-03-15,S110,10000,PG,3500,112.0,133,34.0,3779
2026-04-04,S115,10000,Room,5000,282.0,231,147.0,5660
2026-01-09,S117,7000,PG,3500,298.0,55,141.0,3994
2026-01-27,S117,12000,PG,3500,147.0,75,69.0,3791
2026-04-06,S114,9000,PG,3500,107.0,257,52.0,3916
2026-03-21,S104,9000,Room,5000,204.0,134,97.0,5435
2026-01-26,S107,12000,PG,3500,194.0,379,97.0,4170
2026-03-24,S119,10000,Room,5000,252.0,133,114.0,5499
2026-04-29,S115,9000,Room,5000,253.0,356,134.0,5743
2026-04-04,S125,9000,PG,3500,211.0,122,88.0,3921
2026-03-03,S123,9000,PG,3500,145.0,129,73.0,3847
2026-04-11,S111,9000,Room,5000,292.0,364,35.0,5691
2026-03-12,S109,12000,PG,3500,222.0,294,140.0,4156
2026-02-05,S106,12000,PG,3500,288.0,237,66.0,4091
2026-04-21,S122,12000,PG,3500,164.0,175,33.0,3872
2026-02-06,S110,12000,Room,5000,138.0,236,72.0,5446
2026-03-17,S118,9000,PG,3500,167.0,274,36.0,3977
2026-04-25,S103,7000,PG,3500,255.0,257,138.0,4150
2026-02-14,S102,8000,Room,5000,272.0,391,139.0,5802
2026-02-21,S115,12000,Room,5000,192.0,278,78.0,5548
2026-02-05,S123,7000,Room,5000,104.0,71,146.0,5321
2026-01-17,S110,9000,PG,3500,263.0,262,135.0,4160
2026-01-31,S115,8000,PG,3500,121.0,-100,65.0,3745
2026-02-03,S122,10000,PG,3500,273.0,67,105.0,3945
2026-01-01,S121,9000,Room,5000,233.0,293,94.0,5620
2026-04-26,S111,8000,PG,3500,117.0,378,108.0,4103
2026-01-21,S109,8000,Room,5000,181.0,357,102.0,5640
2026-01-04,S120,10000,PG,3500,233.0,62,74.0,3869
2026-01-17,S105,9000,PG,3500,129.0,152,133.0,3914
2026-02-08,S120,7000,PG,3500,250.0,314,,4144
2026-04-26,S106,7000,PG,3500,267.0,95,,3958
2026-04-21,S126,7000,PG,3500,232.0,237,,4007
2026-01-03,S111,9000,PG,3500,157.0,350,88.0,4095
2026-03-28,S102,10000,Room,5000,210.0,78,55.0,5343
2026-04-21,S125,7000,PG,3500,290.0,133,75.0,3998
2026-02-04,S113,9000,Room,5000,185.0,221,91.0,5497
2026-03-02,S108,9000,PG,3500,154.0,145,113.0,3912
2026-04-06,S118,9000,PG,3500,215.0,165,141.0,4021
2026-02-08,S110,12000,Room,5000,221.0,111,116.0,5448
2026-04-06,S124,7000,PG,3500,230.0,371,90.0,4191
2026-04-12,S112,7000,Room,5000,285.0,272,37.0,5594
2026-04-17,S114,12000,Room,5000,258.0,242,103.0,5603
2026-01-29,S119,9000,PG,3500,196.0,78,30.0,3804
2026-02-04,S110,9000,Room,5000,125.0,78,38.0,5241
2026-01-01,S129,8000,Room,5000,151.0,297,132.0,5580
2026-04-02,S108,7000,PG,3500,237.0,382,145.0,4264
2026-03-01,S114,8000,Room,5000,259.0,105,62.0,5426
2026-02-04,S111,7000,PG,3500,169.0,121,43.0,3833
2026-04-19,S119,7000,PG,3500,225.0,277,57.0,4059
2026-03-04,S109,9000,PG,3500,274.0,209,62.0,4045
2026-02-14,S106,9000,PG,3500,111.0,95,45.0,3751
2026-04-10,S121,10000,Room,5000,280.0,125,113.0,5518
2026-02-18,S122,8000,PG,3500,163.0,306,47.0,4016
2026-02-10,S108,8000,PG,3500,179.0,124,134.0,3937
2026-01-08,S119,10000,Room,5000,129.0,250,146.0,5525
2026-04-29,S120,9000,PG,3500,168.0,76,86.0,3830
2026-04-05,S105,8000,Room,5000,119.0,312,128.0,5559
2026-02-15,S115,7000,PG,3500,288.0,317,126.0,4231
2026-02-07,S119,8000,Room,5000,291.0,363,104.0,5758
2026-04-29,S128,10000,PG,3500,265.0,80,44.0,3889
2026-02-12,S128,12000,PG,3500,109.0,258,,3953
2026-04-29,S121,12000,Room,5000,125.0,209,57.0,5391
2026-03-18,S129,7000,PG,3500,206.0,53,96.0,3855
2026-02-04,S105,7000,PG,3500,226.0,371,88.0,4185
2026-04-13,S113,9000,PG,3500,124.0,92,35.0,3751
2026-03-01,S108,9000,PG,3500,257.0,179,46.0,3982
2026-03-16,S116,8000,Room,5000,182.0,248,59.0,5489
2026-04-25,S124,7000,PG,3500,260.0,98,79.0,3937
2026-03-28,S108,7000,PG,3500,199.0,355,,4189
2026-02-24,S102,12000,Room,5000,148.0,245,141.0,5534
2026-02-17,S109,10000,Room,5000,146.0,368,112.0,5626
2026-04-14,S112,12000,PG,3500,297.0,268,72.0,4137
2026-02-22,S128,10000,Room,5000,287.0,301,138.0,5726
2026-04-09,S105,8000,Room,5000,297.0,398,87.0,5782
2026-01-27,S110,12000,PG,3500,,317,,4044
2026-02-14,S104,7000,PG,3500,172.0,56,91.0,3819
2026-01-18,S113,9000,PG,3500,154.0,227,44.0,3925
2026-02-22,S119,7000,PG,3500,166.0,111,141.0,3918
2026-01-21,S119,8000,PG,3500,300.0,180,133.0,4113
2026-03-03,S109,7000,Room,5000,174.0,281,98.0,5553
2026-03-10,S110,9000,Room,5000,142.0,97,35.0,5274
2026-04-23,S121,7000,PG,3500,216.0,152,109.0,3977
2026-01-12,S125,7000,PG,3500,114.0,258,110.0,3982
2026-03-23,S106,8000,Room,5000,153.0,257,40.0,5450
2026-03-31,S115,12000,Room,5000,146.0,220,123.0,5489
2026-01-24,S108,12000,PG,3500,266.0,334,71.0,4171
2026-04-27,S127,7000,PG,3500,284.0,-100,64.0,4048
2026-02-21,S107,7000,PG,3500,147.0,212,54.0,3913
2026-01-02,S129,10000,PG,3500,126.0,162,68.0,3856
2026-01-21,S107,7000,Room,5000,240.0,300,102.0,5642
2026-03-29,S122,9000,Room,5000,110.0,50,108.0,5268
2026-03-18,S117,8000,Room,5000,107.0,333,45.0,5485
2026-04-11,S127,12000,Room,5000,129.0,276,,5525
2026-04-29,S104,9000,PG,3500,128.0,400,113.0,4141
2026-02-01,S117,7000,PG,3500,298.0,194,70.0,4062
2026-03-14,S104,8000,PG,3500,262.0,215,49.0,4026
2026-01-29,S119,9000,PG,3500,286.0,204,135.0,4125
2026-01-22,S102,12000,PG,3500,168.0,-100,105.0,4082
2026-03-09,S119,10000,Room,5000,186.0,64,81.0,5331
2026-01-13,S124,8000,Room,5000,121.0,263,,5519
2026-04-23,S104,9000,Room,5000,260.0,148,101.0,5509
2026-02-12,S119,10000,PG,3500,213.0,164,101.0,3978
2026-03-31,S128,10000,PG,3500,168.0,170,92.0,3930
2026-04-24,S113,12000,PG,3500,219.0,-100,,4171
2026-04-03,S121,9000,PG,3500,213.0,291,146.0,4150
2026-04-03,S108,9000,Room,5000,294.0,115,98.0,5507
2026-02-13,S106,7000,Room,5000,275.0,173,128.0,5576
2026-01-12,S111,8000,Room,5000,236.0,107,86.0,5429
2026-02-20,S105,12000,PG,3500,268.0,231,41.0,4040
2026-01-23,S104,9000,Room,5000,110.0,277,114.0,5501
2026-01-08,S109,12000,PG,3500,225.0,178,98.0,4001
2026-04-29,S128,8000,Room,5000,194.0,59,79.0,5332
2026-03-27,S103,8000,Room,5000,112.0,78,65.0,5255
2026-04-15,S115,7000,PG,3500,270.0,329,149.0,4248
2026-02-06,S121,10000,Room,5000,222.0,292,81.0,5595
2026-02-09,S113,10000,PG,3500,251.0,347,69.0,4167
2026-03-17,S104,10000,Room,5000,272.0,279,87.0,5638
2026-04-06,S119,10000,Room,5000,225.0,234,67.0,5526
2026-04-08,S102,9000,PG,3500,208.0,119,147.0,3974
2026-04-25,S111,7000,Room,5000,108.0,88,105.0,5301
2026-04-14,S121,9000,PG,3500,161.0,214,35.0,3910
2026-04-03,S106,7000,Room,5000,163.0,147,,5361
2026-01-21,S108,8000,Room,5000,238.0,226,39.0,5503
2026-03-16,S103,7000,PG,3500,240.0,344,57.0,4141
2026-03-15,S128,10000,PG,3500,290.0,116,126.0,4032
2026-04-03,S126,10000,PG,3500,237.0,55,65.0,3857
2026-02-05,S112,9000,Room,5000,115.0,284,121.0,5520
2026-03-16,S123,7000,PG,3500,188.0,106,30.0,3824
2026-04-14,S111,12000,PG,3500,277.0,306,79.0,4162
2026-02-03,S123,12000,Room,5000,142.0,359,59.0,5560
2026-04-11,S121,9000,Room,5000,182.0,255,134.0,5571
2026-01-09,S103,7000,Room,5000,169.0,106,90.0,5365
2026-04-12,S101,10000,PG,3500,142.0,346,38.0,4026
2026-03-24,S109,7000,PG,3500,235.0,-100,127.0,4233
2026-03-01,S125,7000,PG,3500,246.0,306,109.0,4161
2026-02-04,S120,7000,PG,3500,275.0,151,146.0,4072
2026-03-19,S100,12000,PG,3500,188.0,281,70.0,4039
2026-03-18,S115,8000,Room,5000,210.0,79,79.0,5368
2026-02-09,S123,12000,Room,5000,221.0,340,93.0,5654
2026-04-19,S122,8000,Room,5000,175.0,377,75.0,5627
2026-04-23,S103,10000,PG,3500,224.0,359,150.0,4233
2026-01-21,S125,9000,Room,5000,195.0,378,126.0,5699
2026-02-18,S120,8000,PG,3500,,322,128.0,4080
2026-04-12,S103,10000,PG,3500,114.0,219,129.0,3962
2026-02-17,S123,10000,Room,5000,206.0,321,45.0,5572
2026-04-29,S115,7000,PG,3500,132.0,333,78.0,4043
2026-04-29,S115,10000,PG,3500,171.0,362,123.0,4156
2026-03-14,S114,7000,PG,3500,230.0,166,87.0,3983
2026-01-07,S126,9000,Room,5000,291.0,136,41.0,5468
2026-01-15,S122,12000,PG,3500,108.0,88,126.0,3822
2026-03-13,S102,7000,Room,5000,120.0,75,100.0,5295
2026-04-03,S111,12000,PG,3500,143.0,204,149.0,3996
2026-02-16,S114,9000,PG,3500,179.0,240,49.0,3968
2026-01-29,S105,7000,Room,5000,259.0,295,108.0,5662
2026-01-15,S116,12000,PG,3500,150.0,327,65.0,4042
2026-01-02,S117,9000,Room,5000,284.0,123,92.0,5499
2026-03-28,S105,9000,Room,5000,287.0,155,129.0,5571
2026-01-01,S116,8000,Room,5000,104.0,131,40.0,5275
2026-02-22,S111,7000,Room,5000,218.0,133,55.0,5406
2026-04-25,S123,10000,Room,5000,219.0,161,107.0,5487
2026-02-14,S111,9000,Room,5000,225.0,219,39.0,5483
2026-04-30,S103,12000,Room,5000,,169,112.0,5511
2026-02-03,S128,9000,PG,3500,192.0,146,79.0,3917
2026-04-13,S122,12000,Room,5000,273.0,60,93.0,5426
2026-03-26,S122,12000,Room,5000,240.0,310,96.0,5646
2026-02-18,S102,12000,Room,5000,182.0,352,125.0,5659
2026-02-13,S114,7000,PG,3500,248.0,314,94.0,4156
2026-04-05,S120,9000,Room,5000,120.0,209,95.0,5424
2026-02-23,S114,12000,PG,3500,,376,,4218
2026-01-28,S125,9000,PG,3500,149.0,297,77.0,4023
2026-04-15,S101,10000,PG,3500,294.0,248,76.0,4118
2026-04-03,S123,10000,PG,3500,190.0,105,120.0,3915
2026-04-30,S107,7000,Room,5000,146.0,-100,122.0,5553
2026-01-18,S114,9000,PG,3500,188.0,381,73.0,4142
2026-02-15,S111,8000,PG,3500,249.0,367,134.0,4250
2026-03-10,S115,8000,Room,5000,179.0,294,61.0,5534
2026-04-25,S109,9000,PG,3500,162.0,213,58.0,3933
2026-04-13,S114,12000,PG,3500,128.0,203,124.0,3955
2026-05-01,S110,7000,PG,3500,150.0,364,95.0,4109
2026-01-30,S100,7000,PG,3500,128.0,124,68.0,3820
2026-04-16,S113,10000,Room,5000,170.0,95,119.0,5384
2026-04-09,S122,10000,PG,3500,211.0,211,56.0,3978
2026-01-22,S126,12000,Room,5000,290.0,383,45.0,5718
2026-03-09,S126,8000,PG,3500,233.0,82,131.0,3946
2026-03-29,S106,9000,PG,3500,154.0,306,34.0,3994
2026-01-24,S129,10000,PG,3500,,272,56.0,4102
2026-02-09,S125,7000,PG,3500,243.0,183,131.0,4057
2026-01-21,S106,9000,PG,3500,146.0,75,122.0,3843
2026-03-16,S103,8000,PG,3500,272.0,208,121.0,4101
2026-04-20,S119,9000,PG,3500,215.0,214,92.0,4021
2026-04-28,S124,10000,Room,unknown,146.0,210,140.0,5496
2026-01-24,S102,10000,Room,5000,279.0,135,45.0,5459
2026-02-07,S120,9000,Room,5000,293.0,264,57.0,5614
2026-02-07,S127,9000,PG,3500,276.0,89,53.0,3918
2026-01-15,S123,10000,PG,3500,111.0,226,38.0,3875
2026-04-27,S106,12000,PG,3500,204.0,155,70.0,3929
2026-02-01,S103,10000,Room,5000,192.0,-100,117.0,5645
2026-01-03,S127,8000,PG,3500,171.0,318,69.0,4058
2026-01-19,S113,9000,PG,3500,290.0,272,54.0,4116
2026-02-09,S119,7000,Room,5000,219.0,69,67.0,5355
2026-01-23,S116,10000,PG,3500,291.0,233,45.0,4069
2026-03-23,S104,9000,PG,3500,221.0,181,56.0,3958
2026-03-15,S120,8000,PG,3500,299.0,222,95.0,4116
2026-01-23,S121,12000,PG,3500,,122,81.0,3972
2026-04-14,S107,12000,PG,3500,276.0,339,106.0,4221
2026-03-28,S108,12000,PG,3500,121.0,69,38.0,3728
2026-04-12,S126,7000,Room,5000,195.0,270,137.0,5602
2026-03-29,S102,7000,PG,3500,108.0,232,135.0,3975
2026-01-29,S114,9000,PG,3500,104.0,362,50.0,4016
2026-04-17,S110,12000,Room,5000,155.0,340,30.0,5525
2026-01-21,S125,12000,PG,3500,117.0,258,145.0,4020
2026-01-05,S112,12000,PG,3500,258.0,153,69.0,3980
2026-03-03,S103,12000,Room,5000,136.0,370,98.0,5604
2026-01-31,S118,8000,Room,5000,213.0,371,45.0,5629
2026-03-09,S102,10000,PG,3500,190.0,228,74.0,3992
2026-01-08,S127,7000,Room,5000,132.0,248,134.0,5514
2026-01-11,S108,8000,PG,3500,108.0,204,141.0,3953
2026-04-04,S111,10000,Room,5000,253.0,183,67.0,5503
2026-03-08,S110,12000,Room,5000,201.0,330,132.0,5663
2026-01-27,S110,8000,Room,5000,105.0,287,38.0,5430
2026-01-14,S129,8000,Room,5000,180.0,276,56.0,5512
2026-02-08,S101,9000,PG,3500,140.0,320,117.0,4077
2026-02-13,S128,9000,Room,unknown,223.0,152,61.0,5436
2026-03-12,S123,8000,Room,5000,284.0,149,108.0,5541
2026-04-21,S126,8000,PG,unknown,273.0,373,112.0,4258
2026-01-26,S127,8000,Room,5000,262.0,106,59.0,5427
2026-03-11,S119,12000,Room,5000,247.0,102,34.0,5383
2026-03-03,S112,8000,PG,3500,270.0,147,74.0,3991
2026-04-04,S118,12000,Room,5000,298.0,322,67.0,5687
2026-04-10,S104,9000,PG,3500,269.0,371,117.0,4257
2026-04-22,S129,7000,PG,3500,181.0,285,132.0,4098
2026-02-26,S118,10000,Room,5000,170.0,124,59.0,5353
2026-03-27,S128,8000,Room,5000,252.0,84,118.0,5454
2026-03-08,S112,12000,PG,unknown,300.0,205,127.0,4132
2026-03-29,S106,8000,PG,3500,164.0,111,135.0,3910
2026-01-09,S119,7000,PG,3500,223.0,73,,3841
2026-02-04,S120,9000,PG,3500,123.0,257,30.0,3910
2026-01-03,S110,10000,Room,5000,119.0,216,75.0,5410
2026-02-07,S100,10000,PG,3500,174.0,205,89.0,3968
2026-03-07,S107,7000,Room,5000,247.0,331,110.0,5688
2026-03-03,S110,8000,PG,3500,205.0,311,63.0,4079
2026-04-10,S101,9000,Room,5000,264.0,176,87.0,5527
2026-01-31,S122,10000,PG,3500,112.0,90,51.0,3753
2026-02-21,S109,8000,Room,5000,253.0,366,78.0,5697
2026-02-05,S103,7000,PG,3500,242.0,181,93.0,4016
2026-02-20,S112,12000,PG,3500,,173,50.0,3898
2026-02-24,S115,7000,Room,5000,160.0,165,49.0,5374
2026-01-20,S127,9000,Room,5000,,196,127.0,5547
2026-04-24,S124,7000,Room,5000,120.0,323,136.0,5579
2026-04-16,S110,9000,PG,3500,127.0,171,111.0,3909
2026-02-06,S113,8000,Room,5000,199.0,269,132.0,5600
2026-01-07,S125,10000,PG,3500,181.0,114,38.0,3833
2026-04-25,S107,10000,PG,3500,251.0,87,143.0,3981
2026-04-08,S106,10000,PG,3500,121.0,400,112.0,4133
2026-02-11,S126,8000,PG,3500,276.0,294,98.0,4168
2026-01-24,S111,8000,Room,5000,172.0,116,,5381
2026-02-06,S119,9000,Room,5000,151.0,226,61.0,5438
2026-01-26,S123,8000,Room,5000,285.0,394,97.0,5776
2026-02-26,S127,12000,PG,3500,116.0,77,147.0,3840
2026-02-18,S114,8000,PG,3500,131.0,373,37.0,4041
2026-01-14,S107,7000,Room,5000,,135,111.0,5533
2026-03-25,S112,9000,Room,5000,123.0,305,55.0,5483
2026-02-11,S111,12000,Room,5000,209.0,188,125.0,5522
2026-03-17,S112,10000,Room,unknown,248.0,82,,5421
2026-02-09,S101,12000,Room,5000,261.0,340,116.0,5717
2026-04-29,S111,10000,PG,3500,164.0,59,132.0,3855
2026-04-21,S121,10000,PG,3500,132.0,236,121.0,3989
2026-04-25,S103,12000,PG,3500,243.0,108,32.0,3883
2026-02-19,S121,8000,PG,3500,190.0,133,62.0,3885
2026-03-23,S107,12000,Room,5000,,222,50.0,5426
2026-02-06,S107,9000,PG,3500,125.0,54,49.0,3728
2026-01-17,S114,10000,Room,unknown,285.0,88,83.0,5456
2026-02-15,S112,7000,Room,5000,140.0,180,87.0,5407
2026-01-18,S129,10000,PG,3500,194.0,78,58.0,3830
2026-02-04,S112,7000,Room,5000,215.0,223,53.0,5491
2026-04-21,S108,7000,PG,3500,,160,129.0,3949
2026-03-30,S124,12000,PG,3500,107.0,220,95.0,3922
2026-03-29,S106,10000,Room,5000,155.0,85,33.0,5273
2026-03-05,S121,8000,PG,3500,217.0,202,132.0,4051
2026-03-09,S107,7000,Room,5000,133.0,359,103.0,5595
2026-01-30,S107,8000,PG,3500,217.0,142,99.0,3958
2026-04-08,S100,8000,Room,5000,104.0,115,85.0,5304
2026-04-02,S120,7000,Room,5000,295.0,122,52.0,5469
2026-03-20,S104,9000,PG,3500,162.0,313,62.0,4037
2026-04-06,S111,12000,Room,5000,154.0,315,103.0,5572
2026-03-23,S102,10000,PG,3500,227.0,148,79.0,3954
2026-02-13,S111,8000,PG,3500,180.0,369,46.0,4095
2026-02-22,S114,12000,PG,3500,247.0,234,112.0,4093
2026-04-15,S120,10000,PG,3500,,93,76.0,3943
2026-02-13,S126,9000,Room,5000,132.0,74,55.0,5261
2026-02-04,S113,10000,Room,5000,110.0,174,124.0,5408
2026-04-19,S115,7000,Room,5000,250.0,277,71.0,5598
2026-02-17,S114,7000,Room,5000,220.0,64,131.0,5415
2026-02-09,S118,8000,PG,3500,242.0,328,91.0,4161
2026-04-06,S111,7000,Room,5000,242.0,355,39.0,5636
2026-01-06,S120,7000,Room,5000,196.0,308,73.0,5577
2026-01-06,S103,10000,PG,3500,206.0,386,54.0,4146
2026-02-01,S110,9000,Room,5000,142.0,52,57.0,5251
2026-01-11,S124,10000,PG,3500,104.0,93,108.0,3805
2026-04-04,S128,7000,Room,5000,248.0,79,66.0,5393
2026-01-17,S113,8000,PG,3500,269.0,230,120.0,4119
2026-03-23,S119,7000,Room,5000,208.0,232,45.0,5485
2026-03-24,S108,7000,Room,5000,214.0,197,107.0,5518
2026-04-17,S105,7000,Room,5000,264.0,399,67.0,5730
2026-03-25,S100,7000,PG,3500,195.0,237,40.0,3972
2026-04-18,S119,9000,Room,5000,175.0,334,103.0,5612
2026-04-07,S100,7000,PG,3500,248.0,106,93.0,3947
2026-02-21,S116,8000,Room,5000,105.0,195,49.0,5349
2026-04-23,S124,7000,PG,3500,236.0,68,139.0,3943
2026-02-27,S117,7000,PG,3500,291.0,226,132.0,4149
2026-01-20,S116,9000,Room,5000,283.0,231,143.0,5657
2026-01-10,S120,8000,Room,5000,137.0,348,52.0,5537
2026-04-08,S105,8000,Room,5000,126.0,288,64.0,5478
2026-01-07,S125,9000,PG,3500,149.0,298,54.0,4001
2026-01-11,S118,9000,Room,5000,,189,105.0,5499
2026-03-07,S127,10000,PG,3500,222.0,235,149.0,4106
2026-01-16,S125,10000,PG,3500,276.0,129,34.0,3939
2026-01-03,S101,10000,Room,5000,212.0,323,116.0,5651
2026-03-14,S100,8000,Room,5000,160.0,380,,5580
2026-02-28,S106,10000,PG,3500,225.0,383,128.0,4236
2026-04-09,S105,8000,PG,3500,185.0,81,67.0,3833
2026-03-03,S100,12000,PG,3500,142.0,166,43.0,3851
2026-02-12,S121,7000,PG,3500,187.0,122,79.0,3888
2026-02-04,S128,7000,Room,5000,293.0,290,87.0,5670
2026-04-27,S114,8000,Room,5000,102.0,82,69.0,5253
2026-01-24,S115,12000,PG,3500,280.0,187,88.0,4055
2026-04-14,S126,12000,PG,3500,176.0,174,112.0,3962
2026-03-23,S128,8000,Room,5000,217.0,212,74.0,5503
2026-02-09,S112,10000,Room,5000,248.0,72,134.0,5454
2026-02-18,S120,10000,PG,3500,272.0,175,68.0,4015
2026-02-19,S114,12000,PG,3500,160.0,290,149.0,4099
2026-03-26,S112,7000,PG,3500,213.0,332,149.0,4194
2026-02-23,S125,7000,PG,3500,216.0,310,69.0,4095
2026-03-24,S113,9000,PG,3500,123.0,185,73.0,3881
2026-03-26,S123,7000,PG,3500,140.0,163,42.0,3845
2026-01-18,S124,9000,PG,3500,293.0,353,84.0,4230
2026-01-02,S118,9000,Room,5000,145.0,366,88.0,5599
2026-02-07,S122,9000,PG,3500,198.0,365,148.0,4211
2026-03-04,S103,9000,PG,3500,161.0,158,121.0,3940
2026-04-29,S126,9000,PG,3500,168.0,228,98.0,3994
2026-04-25,S106,10000,Room,5000,173.0,184,145.0,5502
2026-01-07,S125,10000,Room,5000,218.0,260,40.0,5518
2026-02-13,S114,12000,Room,5000,226.0,324,58.0,5608
2026-01-02,S104,12000,Room,5000,281.0,251,67.0,5599
2026-03-27,S100,9000,PG,3500,209.0,155,69.0,3933
2026-04-07,S128,9000,PG,3500,246.0,85,150.0,3981
2026-01-10,S127,12000,PG,3500,145.0,96,144.0,3885
2026-01-25,S116,7000,PG,3500,224.0,77,73.0,3874
2026-03-24,S110,8000,Room,5000,224.0,385,96.0,5705
2026-04-01,S116,8000,PG,3500,293.0,70,46.0,3909
2026-01-14,S121,8000,PG,3500,196.0,112,99.0,3907
2026-01-07,S106,7000,PG,3500,103.0,66,120.0,3789
2026-04-20,S103,9000,Room,5000,188.0,93,,5348
2026-04-13,S114,8000,PG,3500,223.0,129,109.0,3961
2026-01-08,S106,12000,PG,3500,132.0,202,73.0,3907
2026-04-17,S115,12000,Room,5000,142.0,99,148.0,5389
2026-03-01,S129,9000,PG,3500,219.0,120,66.0,3905
2026-04-05,S120,12000,Room,5000,219.0,341,56.0,5616
2026-02-15,S123,12000,PG,3500,184.0,129,148.0,3961
2026-03-20,S118,9000,PG,3500,275.0,255,84.0,4114
2026-03-13,S125,7000,Room,5000,231.0,395,58.0,5684
2026-01-23,S106,9000,Room,5000,261.0,154,49.0,5464
2026-01-15,S119,8000,PG,3500,257.0,221,64.0,4042
2026-03-29,S129,8000,Room,5000,152.0,249,48.0,5449
2026-02-07,S109,7000,Room,5000,211.0,162,117.0,5490
2026-01-28,S129,9000,Room,5000,222.0,155,106.0,5483
2026-04-16,S127,8000,Room,5000,187.0,205,97.0,5489
2026-02-19,S128,12000,Room,5000,237.0,399,47.0,5683
2026-04-26,S103,10000,PG,3500,268.0,363,39.0,4170
2026-03-04,S117,7000,Room,5000,223.0,112,57.0,5392
2026-01-10,S119,10000,Room,5000,150.0,102,36.0,5288
2026-04-09,S116,8000,Room,5000,170.0,155,92.0,5417
2026-04-20,S124,10000,Room,5000,248.0,53,149.0,5450
2026-02-07,S128,7000,PG,3500,113.0,103,38.0,3754
2026-04-29,S128,10000,Room,5000,210.0,304,117.0,5631
2026-04-23,S100,9000,Room,5000,144.0,69,,5289
2026-03-25,S105,8000,PG,3500,127.0,233,49.0,3909
2026-01-13,S110,9000,PG,3500,118.0,261,46.0,3925
2026-04-07,S107,7000,Room,5000,231.0,52,45.0,5328
2026-01-12,S129,8000,PG,3500,268.0,88,54.0,3910
2026-01-07,S119,7000,Room,5000,,50,32.0,5214
2026-04-13,S100,9000,PG,3500,175.0,109,63.0,3847
2026-03-02,S129,10000,PG,3500,201.0,186,147.0,4034
2026-03-19,S104,10000,Room,5000,121.0,263,56.0,5440
2026-03-11,S117,12000,Room,5000,,271,31.0,5468
2026-02-26,S117,10000,Room,5000,180.0,213,124.0,5517
2026-01-06,S112,12000,PG,3500,,216,113.0,3962
2026-01-28,S102,8000,PG,3500,295.0,192,122.0,4109
2026-02-16,S121,12000,PG,3500,206.0,368,94.0,4168
2026-01-18,S105,8000,Room,5000,174.0,219,46.0,5439
2026-02-02,S129,10000,PG,3500,224.0,102,147.0,3973
2026-04-07,S106,8000,PG,3500,278.0,193,69.0,4040
2026-01-23,S110,9000,Room,5000,215.0,112,142.0,5469
2026-03-11,S119,12000,Room,5000,196.0,343,102.0,5641
2026-03-17,S112,12000,Room,5000,197.0,280,74.0,5551
2026-03-27,S129,8000,PG,3500,180.0,204,81.0,3965
2026-04-26,S116,12000,PG,3500,211.0,247,33.0,3991
2026-04-17,S115,9000,Room,5000,267.0,260,131.0,5658
2026-04-06,S119,10000,PG,3500,157.0,169,112.0,3938
2026-04-20,S105,10000,PG,unknown,290.0,82,36.0,3908
2026-02-23,S111,9000,Room,5000,147.0,345,54.0,5546
2026-04-13,S125,8000,Room,5000,151.0,225,74.0,5450
2026-03-26,S107,12000,PG,3500,296.0,-100,45.0,4119
2026-03-15,S100,10000,Room,5000,220.0,139,122.0,5481
2026-03-28,S112,10000,Room,5000,138.0,258,132.0,5528
2026-01-30,S122,7000,Room,5000,232.0,77,146.0,5455
2026-01-28,S125,12000,PG,3500,293.0,102,115.0,4010
2026-04-15,S112,12000,PG,3500,228.0,182,96.0,4006
2026-02-22,S109,12000,PG,3500,116.0,109,111.0,3836
2026-03-24,S124,9000,Room,5000,285.0,189,142.0,5616
2026-02-13,S127,8000,PG,3500,204.0,357,58.0,4119
2026-03-18,S111,7000,PG,3500,124.0,338,135.0,4097
2026-04-13,S128,8000,Room,5000,234.0,363,120.0,5717
2026-02-09,S109,7000,Room,5000,282.0,253,67.0,5602
2026-04-21,S114,10000,Room,5000,104.0,71,66.0,5241
2026-01-06,S112,8000,PG,3500,146.0,191,97.0,3934
2026-02-12,S102,9000,Room,5000,277.0,143,138.0,5558
2026-02-28,S120,7000,Room,5000,235.0,63,61.0,5359
2026-02-09,S119,9000,Room,5000,229.0,149,40.0,5418
2026-03-01,S125,8000,Room,5000,259.0,340,55.0,5654
2026-03-19,S125,7000,Room,5000,143.0,99,101.0,5343
2026-03-10,S118,7000,PG,3500,187.0,181,140.0,4008
2026-03-11,S120,10000,Room,5000,251.0,318,113.0,5682
2026-02-01,S101,9000,PG,3500,,115,101.0,3914
2026-04-16,S112,12000,PG,3500,164.0,304,53.0,4021
2026-02-24,S112,9000,Room,unknown,226.0,71,125.0,5422
2026-04-07,S128,10000,Room,5000,263.0,375,104.0,5742
2026-01-09,S114,9000,PG,3500,243.0,325,83.0,4151
2026-04-02,S124,10000,Room,5000,147.0,143,119.0,5409
2026-02-22,S108,9000,PG,3500,245.0,320,106.0,4171
2026-03-27,S121,8000,Room,5000,123.0,267,77.0,5467
2026-03-23,S115,9000,Room,5000,262.0,341,99.0,5702
2026-04-26,S128,8000,Room,5000,269.0,303,78.0,5650
2026-03-04,S127,8000,PG,3500,184.0,71,87.0,3842
2026-04-18,S121,8000,Room,5000,,306,83.0,5688
2026-03-26,S115,10000,Room,5000,108.0,282,111.0,5501
2026-01-25,S115,10000,PG,3500,222.0,303,97.0,4122
2026-02-19,S108,8000,Room,5000,223.0,86,34.0,5343
2026-01-08,S100,9000,Room,5000,295.0,155,35.0,5485
2026-02-28,S116,12000,Room,5000,248.0,194,66.0,5508
2026-01-04,S112,7000,PG,3500,156.0,343,47.0,4046
2026-01-28,S102,7000,Room,5000,251.0,194,33.0,5478
2026-01-13,S115,9000,Room,5000,188.0,345,47.0,5580
2026-04-25,S118,8000,Room,5000,126.0,330,78.0,5534
2026-01-09,S115,8000,PG,3500,300.0,82,150.0,4032
2026-03-10,S123,8000,PG,3500,136.0,256,,4007
2026-03-08,S102,12000,Room,5000,219.0,51,141.0,5411
2026-03-24,S105,10000,PG,3500,294.0,225,107.0,4126
2026-04-14,S108,9000,Room,5000,113.0,208,119.0,5440
2026-01-04,S106,9000,Room,5000,189.0,268,97.0,5554
2026-02-07,S128,7000,PG,3500,300.0,114,126.0,4040
2026-02-22,S112,8000,Room,5000,284.0,342,115.0,5741
2026-01-31,S126,8000,Room,5000,,158,150.0,5588
2026-02-10,S121,12000,PG,3500,232.0,218,114.0,4064
2026-01-08,S123,8000,Room,5000,139.0,254,135.0,5528
2026-04-20,S125,12000,PG,3500,274.0,135,69.0,3978
2026-02-03,S100,8000,Room,5000,263.0,325,144.0,5732
2026-01-15,S123,12000,Room,5000,195.0,244,34.0,5473
2026-04-16,S120,8000,Room,5000,230.0,118,142.0,5490
2026-02-17,S109,7000,Room,5000,102.0,313,147.0,5562
2026-01-16,S129,7000,PG,3500,265.0,183,115.0,4063
2026-04-06,S118,9000,PG,3500,106.0,193,121.0,3920
2026-02-24,S125,9000,PG,3500,213.0,103,150.0,3966
2026-04-16,S108,7000,Room,5000,259.0,346,86.0,5691
2026-04-09,S127,8000,PG,3500,253.0,310,60.0,4123
2026-03-30,S121,7000,Room,5000,,122,106.0,5403
2026-01-20,S118,7000,PG,3500,123.0,310,102.0,4035
2026-02-22,S111,9000,Room,5000,197.0,-100,149.0,5403
2026-03-14,S101,7000,Room,5000,168.0,136,85.0,5389
2026-01-04,S101,9000,Room,5000,130.0,199,114.0,5443
2026-02-19,S126,8000,PG,3500,127.0,120,31.0,3778
2026-02-14,S118,7000,Room,5000,242.0,202,139.0,5583
2026-01-22,S125,8000,PG,3500,,311,140.0,4135
2026-02-13,S102,12000,Room,5000,102.0,282,125.0,5509
2026-03-09,S106,12000,Room,5000,120.0,137,137.0,5394
2026-01-01,S103,7000,PG,3500,175.0,386,91.0,4152
2026-02-22,S114,7000,PG,3500,201.0,96,115.0,3912
2026-03-04,S108,9000,PG,3500,282.0,370,64.0,4216
2026-02-15,S118,7000,Room,5000,147.0,151,61.0,5359
2026-04-26,S111,8000,Room,5000,297.0,93,,5500
2026-01-12,S107,7000,PG,3500,241.0,197,,4064
2026-03-22,S110,8000,Room,5000,280.0,303,65.0,5648
2026-03-31,S122,9000,PG,3500,283.0,216,42.0,4041
2026-04-08,S107,10000,PG,3500,139.0,294,103.0,4036
2026-04-01,S106,8000,PG,3500,289.0,135,86.0,4010
2026-03-12,S126,8000,PG,3500,225.0,105,70.0,3900
2026-03-04,S123,10000,PG,3500,229.0,147,53.0,3929
2026-02-07,S116,10000,Room,5000,224.0,60,70.0,5354
2026-03-22,S101,10000,PG,3500,276.0,350,54.0,4180
2026-01-15,S102,8000,Room,5000,285.0,103,77.0,5465
2026-01-25,S126,10000,Room,5000,151.0,319,94.0,5564
2026-01-09,S123,10000,Room,5000,150.0,120,32.0,5302
2026-03-24,S115,9000,Room,5000,160.0,-100,138.0,5559
2026-02-26,S112,7000,Room,5000,250.0,251,78.0,5579
2026-01-31,S102,10000,PG,3500,142.0,58,128.0,3828
2026-03-24,S113,9000,Room,5000,126.0,115,39.0,5280
2026-01-10,S109,7000,Room,5000,,393,63.0,5591
2026-01-22,S118,12000,PG,3500,155.0,143,123.0,3921
2026-03-03,S121,10000,Room,5000,300.0,123,88.0,5511
2026-01-23,S106,9000,Room,5000,165.0,59,127.0,5351
2026-01-02,S125,7000,Room,5000,122.0,124,74.0,5320
2026-02-21,S121,7000,PG,3500,179.0,367,125.0,4171
2026-04-22,S127,8000,PG,3500,108.0,77,117.0,3802
2026-04-15,S110,12000,PG,3500,294.0,-100,59.0,3925
2026-04-05,S101,8000,Room,5000,248.0,324,53.0,5625
2026-01-04,S109,9000,PG,3500,262.0,297,100.0,4159
2026-03-25,S121,10000,Room,5000,,-100,103.0,5596
2026-02-21,S103,9000,Room,5000,270.0,139,,5550
2026-02-11,S119,9000,Room,5000,158.0,215,109.0,5482
2026-02-09,S107,12000,Room,5000,298.0,365,56.0,5719
2026-03-16,S118,10000,Room,5000,215.0,123,38.0,5376
2026-04-18,S121,8000,PG,3500,104.0,279,147.0,4030
2026-02-06,S126,8000,Room,unknown,146.0,258,33.0,5437
2026-04-11,S110,12000,PG,3500,218.0,200,138.0,4056
2026-02-28,S113,8000,PG,3500,247.0,152,72.0,3971
2026-01-06,S110,8000,Room,5000,176.0,92,84.0,5352
2026-04-26,S120,10000,PG,3500,185.0,218,137.0,4040
2026-03-15,S128,8000,Room,5000,145.0,184,,5383
2026-05-01,S128,7000,Room,5000,280.0,215,104.0,5599
2026-02-08,S127,10000,PG,3500,244.0,160,102.0,4006
2026-03-28,S106,7000,Room,5000,251.0,180,38.0,5469
2026-04-17,S115,8000,PG,3500,285.0,74,72.0,3931
2026-01-03,S119,7000,Room,5000,296.0,256,,5624
2026-02-23,S122,12000,Room,5000,262.0,-100,111.0,5526
2026-03-20,S129,8000,Room,5000,242.0,222,135.0,5599
2026-01-22,S106,8000,PG,3500,208.0,-100,67.0,3916
2026-01-30,S125,10000,Room,5000,180.0,168,62.0,5410
2026-01-29,S100,10000,Room,5000,244.0,80,48.0,5372
2026-01-28,S122,9000,Room,5000,290.0,347,35.0,5672
2026-02-12,S112,8000,Room,5000,154.0,120,82.0,5356
2026-04-03,S119,9000,PG,3500,210.0,223,124.0,4057
2026-01-27,S100,12000,Room,5000,120.0,310,124.0,5554
2026-03-09,S123,8000,PG,3500,153.0,62,80.0,3795
2026-04-25,S121,10000,Room,5000,231.0,131,30.0,5392
2026-04-25,S125,12000,PG,3500,237.0,122,74.0,3933
2026-03-14,S116,9000,Room,5000,180.0,222,,5465
2026-03-14,S124,10000,Room,5000,201.0,263,90.0,5554
2026-01-17,S110,8000,PG,3500,252.0,299,82.0,4133
2026-01-13,S102,7000,PG,3500,285.0,339,93.0,4217
2026-04-26,S127,10000,Room,5000,,113,138.0,5530
2026-01-29,S112,9000,Room,5000,,338,102.0,5694
2026-04-27,S118,10000,Room,5000,237.0,257,73.0,5567
2026-03-03,S129,9000,Room,5000,281.0,181,41.0,5503
2026-01-22,S101,7000,Room,5000,197.0,53,92.0,5342
2026-02-05,S114,8000,Room,5000,113.0,367,82.0,5562
2026-01-18,S128,8000,PG,3500,157.0,199,98.0,3954
2026-02-28,S111,12000,PG,3500,195.0,297,47.0,4039
2026-02-23,S108,8000,Room,5000,262.0,370,70.0,5702
2026-01-28,S109,9000,PG,unknown,225.0,229,35.0,3989
2026-02-21,S117,10000,PG,3500,,112,108.0,3842
2026-03-05,S108,9000,PG,3500,208.0,67,,3854
2026-02-21,S115,8000,Room,5000,238.0,292,145.0,5675
2026-01-17,S103,10000,PG,3500,135.0,234,55.0,3924
2026-03-12,S102,12000,Room,5000,136.0,186,49.0,5371
2026-04-20,S120,9000,PG,3500,120.0,310,80.0,4010
2026-04-08,S109,9000,PG,3500,167.0,159,109.0,3935
2026-01-17,S111,8000,Room,5000,252.0,278,125.0,5655
2026-02-14,S116,8000,Room,5000,203.0,396,50.0,5649
2026-01-02,S128,9000,Room,5000,234.0,263,53.0,5550
2026-01-03,S105,7000,Room,5000,104.0,156,141.0,5401
2026-03-07,S126,12000,Room,5000,240.0,164,129.0,5533
2026-04-13,S109,10000,Room,5000,215.0,52,101.0,5368
2026-04-16,S104,8000,Room,5000,151.0,57,30.0,5238
2026-04-17,S129,8000,PG,3500,209.0,187,38.0,3934
2026-01-30,S121,9000,PG,3500,240.0,385,38.0,4163
2026-03-15,S107,9000,PG,3500,162.0,111,71.0,3844
2026-03-30,S114,9000,Room,5000,140.0,78,107.0,5325
2026-01-20,S118,10000,Room,5000,202.0,189,73.0,5464
2026-01-26,S117,10000,PG,3500,163.0,114,66.0,3843
2026-03-14,S116,8000,PG,3500,249.0,273,78.0,4100
2026-01-24,S100,7000,Room,5000,180.0,366,138.0,5684
2026-04-04,S119,9000,PG,3500,281.0,350,60.0,4191
2026-02-10,S110,10000,PG,3500,257.0,341,94.0,4192
2026-02-06,S119,10000,PG,3500,279.0,-100,55.0,4011
2026-04-26,S125,8000,PG,3500,121.0,-100,78.0,4050
2026-03-18,S120,7000,Room,5000,,59,96.0,5346
2026-03-04,S101,7000,PG,3500,238.0,139,97.0,3974
2026-03-03,S108,7000,Room,5000,192.0,392,145.0,5729
2026-01-09,S128,7000,PG,3500,140.0,215,49.0,3904
2026-01-13,S112,8000,Room,unknown,273.0,156,111.0,5540
2026-04-07,S113,9000,Room,5000,264.0,233,139.0,5636
2026-04-16,S109,12000,PG,3500,232.0,292,,4102
2026-02-20,S101,10000,PG,3500,197.0,83,68.0,3848
2026-04-02,S115,10000,Room,5000,289.0,237,67.0,5593
2026-01-27,S129,8000,Room,5000,131.0,266,34.0,5431
2026-04-02,S125,7000,Room,5000,186.0,300,113.0,5599
2026-02-05,S127,12000,PG,3500,207.0,342,103.0,4152
2026-04-20,S104,10000,Room,5000,152.0,377,130.0,5659
2026-01-21,S126,9000,Room,5000,294.0,109,103.0,5506
2026-02-07,S117,9000,Room,5000,205.0,372,62.0,5639
2026-03-28,S107,9000,Room,5000,225.0,183,60.0,5468
2026-04-06,S129,8000,Room,5000,188.0,192,138.0,5518
2026-01-28,S107,10000,Room,5000,218.0,198,75.0,5491
2026-04-06,S118,10000,Room,5000,113.0,232,63.0,5408
2026-04-23,S127,9000,Room,5000,193.0,369,53.0,5615
2026-03-10,S118,10000,Room,5000,223.0,214,35.0,5472
2026-04-29,S127,9000,PG,3500,165.0,58,76.0,3799
2026-05-01,S114,10000,PG,3500,189.0,174,38.0,3901
2026-03-21,S129,10000,Room,5000,170.0,266,90.0,5526
2026-01-24,S123,10000,PG,3500,228.0,344,138.0,4210
2026-04-22,S117,8000,Room,5000,202.0,391,77.0,5670
2026-01-16,S129,8000,Room,5000,104.0,95,138.0,5337
2026-03-02,S111,12000,PG,3500,199.0,236,53.0,3988
2026-03-06,S109,7000,PG,3500,299.0,210,47.0,4056
2026-02-21,S116,12000,PG,3500,143.0,78,124.0,3845
2026-01-11,S125,10000,Room,5000,294.0,224,71.0,5589
2026-03-20,S117,10000,Room,5000,,142,40.0,5396
2026-04-30,S113,12000,Room,5000,225.0,320,148.0,5693
2026-01-01,S122,8000,Room,5000,,251,90.0,5532
2026-02-19,S125,9000,PG,3500,276.0,154,107.0,4037
2026-04-09,S109,10000,PG,3500,148.0,52,81.0,3781
2026-04-26,S116,10000,PG,3500,137.0,154,,3853
2026-01-04,S110,9000,PG,3500,123.0,232,133.0,3988
2026-04-11,S125,7000,PG,3500,170.0,362,133.0,4165
2026-01-05,S128,7000,PG,3500,281.0,259,111.0,4151
2026-02-19,S109,9000,PG,3500,189.0,262,82.0,4033
2026-02-10,S127,9000,PG,3500,261.0,305,78.0,4144
2026-01-06,S114,8000,PG,3500,212.0,241,84.0,4037
2026-03-19,S129,9000,PG,3500,192.0,246,89.0,4027
2026-02-25,S124,7000,Room,5000,259.0,251,71.0,5581
2026-01-12,S108,9000,Room,5000,192.0,266,93.0,5551
2026-04-02,S100,10000,PG,3500,193.0,71,38.0,3802
2026-04-01,S109,7000,PG,3500,273.0,304,78.0,4155
2026-01-21,S104,8000,PG,3500,103.0,157,97.0,3857
2026-03-28,S107,8000,Room,5000,179.0,58,134.0,5371
2026-03-16,S116,8000,PG,3500,,336,148.0,4274
2026-04-02,S113,12000,Room,5000,134.0,225,108.0,5467
2026-03-23,S116,8000,PG,3500,231.0,102,,3930
2026-02-09,S118,9000,Room,5000,183.0,350,117.0,5650
2026-03-01,S102,7000,PG,3500,120.0,139,69.0,3828
2026-04-08,S112,9000,Room,5000,220.0,392,118.0,5730
2026-04-26,S126,7000,Room,5000,153.0,69,32.0,5254
2026-04-18,S120,7000,Room,5000,256.0,325,38.0,5619
2026-03-20,S117,7000,Room,5000,236.0,341,65.0,5642
2026-02-13,S119,9000,PG,3500,281.0,225,47.0,4053
2026-01-29,S129,10000,PG,3500,,100,123.0,3973
2026-03-08,S128,10000,PG,3500,,344,53.0,4153
2026-03-31,S124,7000,Room,5000,151.0,56,37.0,5244
2026-01-18,S128,10000,Room,5000,196.0,-100,,5627
2026-01-31,S120,7000,PG,3500,240.0,363,90.0,4193
2026-04-29,S124,7000,Room,5000,115.0,152,112.0,5379
2026-03-19,S123,8000,Room,5000,217.0,113,124.0,5454
2026-04-16,S103,9000,Room,5000,222.0,75,50.0,5347
2026-01-11,S110,7000,Room,5000,166.0,-100,122.0,5662
2026-03-21,S107,7000,PG,3500,106.0,229,136.0,3971
2026-01-12,S100,12000,PG,3500,224.0,299,38.0,4061
2026-01-09,S105,9000,PG,3500,111.0,212,52.0,3875
2026-01-09,S118,10000,PG,3500,160.0,199,39.0,3898
2026-04-26,S116,10000,Room,5000,,345,80.0,5589
2026-04-26,S102,9000,PG,3500,255.0,205,73.0,4033
2026-02-07,S113,12000,Room,5000,229.0,390,52.0,5671
2026-02-07,S123,8000,Room,5000,122.0,140,74.0,5336
2026-03-14,S127,8000,PG,3500,115.0,375,42.0,4032
2026-02-13,S110,9000,Room,5000,108.0,379,101.0,5588
2026-04-18,S102,12000,PG,3500,126.0,159,63.0,3848
2026-03-28,S123,7000,Room,5000,187.0,399,92.0,5678
2026-04-23,S101,10000,PG,3500,284.0,133,117.0,4034
2026-02-04,S101,8000,PG,3500,291.0,121,97.0,4009
2026-03-23,S120,7000,Room,5000,231.0,75,90.0,5396
2026-02-11,S112,12000,PG,3500,214.0,397,50.0,4161
2026-04-12,S104,7000,Room,5000,241.0,75,52.0,5368
2026-01-08,S124,8000,PG,3500,163.0,79,68.0,3810
2026-02-02,S102,7000,PG,unknown,127.0,200,76.0,3903
2026-01-21,S104,9000,PG,3500,130.0,177,51.0,3858
2026-01-16,S109,8000,Room,5000,275.0,117,75.0,5467
2026-02-06,S102,7000,PG,3500,228.0,192,139.0,4059
2026-03-12,S112,8000,Room,5000,241.0,-100,34.0,5469
2026-03-10,S129,7000,PG,3500,131.0,192,117.0,3940
2026-03-15,S105,9000,Room,5000,170.0,390,126.0,5686
2026-01-22,S107,9000,Room,5000,269.0,249,49.0,5567
2026-03-20,S109,10000,PG,3500,203.0,174,111.0,3988
2026-02-11,S127,7000,PG,3500,207.0,379,121.0,4207
2026-04-19,S105,9000,PG,3500,225.0,305,149.0,4179
2026-03-13,S128,12000,Room,5000,211.0,142,148.0,5501
2026-03-06,S108,10000,Room,5000,243.0,273,113.0,5629
2026-01-03,S112,8000,Room,unknown,224.0,299,117.0,5640
2026-02-14,S105,12000,PG,3500,,171,75.0,3921
2026-01-15,S119,12000,PG,3500,182.0,341,101.0,4124
2026-02-21,S118,8000,Room,5000,270.0,-100,139.0,5666
2026-04-04,S128,7000,PG,3500,202.0,242,118.0,4062
2026-04-26,S127,7000,Room,5000,228.0,170,53.0,5451
2026-02-15,S114,7000,Room,5000,185.0,341,60.0,5586
2026-03-16,S123,8000,PG,3500,186.0,158,107.0,3951
2026-02-15,S123,10000,PG,3500,162.0,338,132.0,4132
2026-03-19,S105,8000,Room,5000,119.0,388,37.0,5544
2026-01-09,S128,12000,Room,5000,205.0,339,30.0,5574
2026-03-23,S118,7000,Room,5000,124.0,148,106.0,5378
2026-02-09,S101,12000,PG,3500,148.0,128,129.0,3905
2026-01-28,S119,12000,Room,5000,250.0,393,129.0,5772
2026-04-18,S103,8000,Room,5000,214.0,300,,5653
2026-01-26,S114,7000,PG,3500,133.0,361,80.0,4074
2026-02-26,S125,8000,PG,3500,107.0,338,145.0,4090
2026-04-21,S124,7000,Room,5000,100.0,75,63.0,5238
2026-02-24,S103,12000,Room,5000,118.0,91,,5312
2026-03-07,S111,7000,PG,3500,188.0,260,111.0,4059
2026-03-26,S112,10000,Room,5000,,348,122.0,5619
2026-02-19,S122,7000,Room,5000,107.0,202,61.0,5370
2026-04-14,S124,8000,PG,3500,180.0,336,94.0,4110
2026-01-04,S123,9000,PG,3500,217.0,298,92.0,4107
2026-04-02,S114,9000,PG,3500,254.0,337,32.0,4123
2026-01-12,S108,9000,PG,3500,161.0,80,68.0,3809
2026-01-10,S118,7000,PG,3500,253.0,212,114.0,4079
2026-02-21,S113,10000,PG,3500,119.0,102,109.0,3830
2026-01-04,S112,8000,Room,5000,129.0,187,46.0,5362
2026-01-05,S128,7000,Room,5000,292.0,103,58.0,5453
2026-03-18,S110,9000,PG,3500,118.0,393,42.0,4053
2026-01-31,S121,7000,PG,3500,286.0,189,36.0,4011
2026-02-24,S113,8000,PG,3500,180.0,97,94.0,3871
2026-04-30,S125,8000,Room,5000,294.0,111,145.0,5550
2026-03-29,S121,8000,Room,5000,194.0,353,115.0,5662
2026-02-15,S115,8000,PG,3500,112.0,242,53.0,3907
2026-02-06,S129,12000,Room,5000,203.0,336,104.0,5643
2026-03-20,S101,7000,PG,3500,,107,40.0,3805
2026-04-13,S127,8000,Room,5000,263.0,378,119.0,5760
2026-04-20,S122,9000,PG,3500,134.0,68,45.0,3747
2026-04-02,S128,10000,PG,3500,243.0,230,142.0,4115
2026-02-18,S126,12000,Room,5000,215.0,218,68.0,5501
2026-02-23,S124,8000,Room,5000,244.0,174,,5476
2026-01-03,S110,9000,Room,5000,145.0,360,91.0,5596
2026-02-05,S128,8000,Room,5000,194.0,336,116.0,5646
2026-04-10,S127,10000,PG,3500,243.0,154,112.0,4009
2026-01-11,S126,8000,PG,3500,242.0,345,146.0,4233
2026-01-12,S114,8000,PG,3500,247.0,84,94.0,3925
2026-04-24,S118,7000,PG,3500,265.0,109,62.0,3936
2026-04-23,S117,8000,Room,5000,190.0,386,131.0,5707
2026-01-23,S126,12000,Room,5000,129.0,376,127.0,5632
2026-01-03,S110,10000,PG,3500,246.0,297,86.0,4129
2026-02-14,S122,9000,Room,5000,214.0,393,87.0,5694
2026-03-10,S111,7000,PG,3500,138.0,282,70.0,3990
2026-02-19,S118,10000,PG,3500,278.0,124,59.0,3961
2026-04-05,S125,9000,PG,unknown,104.0,56,141.0,3801
2026-04-29,S124,7000,PG,3500,279.0,195,114.0,4088
2026-02-11,S107,10000,Room,5000,197.0,196,44.0,5437
2026-03-08,S112,8000,Room,5000,221.0,230,101.0,5552
2026-02-09,S109,8000,Room,5000,120.0,368,138.0,5626
2026-01-22,S123,10000,PG,3500,230.0,96,46.0,3872
2026-02-15,S100,12000,PG,3500,265.0,383,63.0,4211
2026-02-23,S128,8000,PG,3500,168.0,74,108.0,3850
2026-02-24,S115,10000,PG,3500,189.0,68,127.0,3884
2026-02-04,S100,9000,PG,3500,139.0,162,102.0,3903
2026-02-18,S117,12000,Room,5000,261.0,246,51.0,5558
2026-02-25,S115,12000,PG,3500,270.0,226,48.0,4044
2026-02-22,S111,9000,Room,5000,213.0,219,31.0,5463
2026-01-27,S121,8000,PG,3500,271.0,293,84.0,4148
2026-02-23,S111,10000,PG,3500,111.0,338,78.0,4027
2026-03-01,S112,9000,Room,5000,179.0,218,117.0,5514
2026-02-05,S100,9000,PG,3500,157.0,53,115.0,3825
2026-01-05,S111,10000,Room,5000,261.0,82,98.0,5441
2026-02-08,S125,8000,PG,3500,111.0,170,,3850
2026-03-01,S113,12000,Room,5000,275.0,66,128.0,5469
2026-02-02,S124,10000,PG,3500,243.0,58,58.0,3859
2026-04-28,S110,10000,PG,3500,171.0,-100,142.0,4092
2026-04-27,S126,7000,PG,3500,232.0,83,88.0,3903
2026-04-21,S120,8000,Room,5000,104.0,76,114.0,5294
2026-02-24,S108,9000,Room,5000,270.0,53,,5395
2026-04-10,S103,12000,Room,5000,204.0,339,52.0,5595
2026-04-11,S120,9000,Room,5000,195.0,117,76.0,5388
2026-04-29,S125,9000,PG,3500,224.0,198,42.0,3964
2026-02-17,S126,7000,Room,5000,190.0,124,63.0,5377
2026-01-25,S111,12000,PG,3500,236.0,259,80.0,4075
2026-02-22,S121,10000,Room,5000,150.0,76,39.0,5265
2026-04-15,S111,9000,Room,5000,220.0,327,47.0,5594
2026-02-04,S103,7000,PG,3500,120.0,259,,3979
2026-01-18,S102,8000,PG,3500,150.0,347,53.0,4050
2026-01-15,S109,10000,Room,unknown,200.0,290,51.0,5541
2026-02-24,S121,7000,Room,5000,221.0,372,41.0,5634
2026-04-19,S112,12000,Room,5000,,365,132.0,5635
2026-02-16,S110,10000,Room,5000,277.0,348,38.0,5663
2026-04-26,S111,10000,PG,3500,124.0,368,89.0,4081
2026-01-21,S106,12000,Room,5000,,225,124.0,5504
2026-01-11,S114,8000,Room,5000,238.0,256,64.0,5558
2026-03-09,S109,9000,Room,5000,179.0,152,117.0,5448
2026-02-07,S108,12000,PG,3500,197.0,156,113.0,3966
2026-03-17,S117,9000,PG,3500,263.0,129,130.0,4022
2026-04-23,S124,9000,Room,5000,207.0,265,98.0,5570
2026-01-14,S103,9000,Room,5000,221.0,319,87.0,5627
2026-03-17,S124,8000,PG,3500,211.0,86,142.0,3939
2026-04-14,S102,9000,PG,3500,262.0,400,139.0,4301
2026-02-07,S103,7000,PG,3500,230.0,87,64.0,3881
2026-02-02,S110,10000,PG,3500,239.0,289,143.0,4171
2026-02-26,S127,10000,Room,5000,207.0,213,81.0,5501
2026-04-03,S117,9000,Room,5000,151.0,384,55.0,5590
2026-01-25,S124,12000,PG,3500,256.0,183,130.0,4069
2026-02-26,S113,8000,PG,3500,201.0,375,146.0,4222
2026-03-03,S103,8000,Room,5000,163.0,268,,5488
2026-04-26,S109,7000,PG,3500,141.0,168,,3853
2026-03-09,S101,8000,PG,3500,300.0,256,47.0,4103
2026-02-16,S123,9000,Room,5000,264.0,247,122.0,5633
2026-02-09,S127,10000,Room,5000,153.0,279,67.0,5499
2026-04-27,S111,12000,Room,5000,218.0,178,89.0,5485
2026-04-11,S102,7000,PG,3500,181.0,276,38.0,3995
2026-02-26,S123,10000,PG,3500,255.0,163,145.0,4063
2026-01-27,S105,8000,PG,3500,240.0,284,129.0,4153
2026-04-11,S127,8000,PG,3500,289.0,211,117.0,4117
2026-02-18,S102,10000,PG,3500,284.0,109,84.0,3977
2026-04-22,S112,7000,PG,3500,122.0,220,33.0,3875
2026-02-13,S126,12000,PG,3500,203.0,343,92.0,4138
2026-03-01,S127,9000,PG,3500,156.0,301,58.0,4015
2026-04-04,S128,7000,Room,5000,258.0,136,78.0,5472
2026-03-26,S123,7000,PG,3500,167.0,311,89.0,4067
2026-04-22,S102,10000,Room,5000,193.0,88,55.0,5336
2026-02-12,S108,12000,PG,3500,100.0,328,65.0,3993
2026-03-03,S110,8000,PG,3500,232.0,336,68.0,4136
2026-04-16,S122,10000,PG,3500,121.0,88,125.0,3834
2026-01-21,S116,8000,PG,3500,192.0,125,150.0,3967
2026-04-27,S112,9000,Room,5000,227.0,141,93.0,5461
2026-01-17,S102,10000,Room,5000,293.0,-100,132.0,5728
2026-03-25,S119,8000,Room,unknown,266.0,359,122.0,5747
2026-01-22,S126,10000,Room,5000,191.0,68,104.0,5363
2026-01-30,S123,10000,PG,3500,230.0,274,131.0,4135
2026-02-21,S107,10000,Room,5000,268.0,50,89.0,5407
2026-02-10,S108,7000,Room,5000,205.0,120,101.0,5426
2026-04-09,S110,9000,PG,3500,272.0,67,111.0,3950
2026-03-26,S128,12000,Room,5000,,240,145.0,5522
2026-04-10,S111,12000,Room,5000,176.0,251,118.0,5545
